Sample_Name	plate	SMARTindex	Chain	ChainID	ASVcount	PctSupport	TotalReads	Sequencing	ASV		DuplicatedIn
P80_A1	TRIMMER0091_P80	01-SMARTindex	NA	HC	01-SMARTindex.HC1	211	99.1	213	Illumina	AGGGCAGTTCCTATCTCTCTCACTGGAGGCTGATTTTTGAAGAAAGGGGTTGTAGCCTAAAAGATGATGGTGTTAAGTCTTCTGTACCTGTTGACAGCCCTTCCGGGTATCCTGTCAGAGGTGCAGCTTCAGGAGTCAGGACCTAGCCTCGTGAAACCTTCTCAGACTCTGTCCCTCACCTGTTCTGTCACTGGCGACTCCATCACCAGTGGTTACTGGAACTGGATCCGGAAATTCCCAGGGAATAAATTTGAGCACATGGGGTACATAAACTACAGTGGTAACACTTACTACAATCCATCTCTCAAAAGTCGAATCTCCATCACTCGAGACACATCCAAGAACCAGTACTACCTGCAGTTGAATTCTGTGACTACTGAGGACACAGCCACATATTACTGTGCAAGGGGGGGTTACGACGGGGACTACTGGGGCCAAGGCACAACTCTCACAGTCTCCTCAG	P80_B1, P80_D1, P80_E1, P80_F1, P80_G1, P80_H1, P80_A2, P80_C2, P80_D2, P80_E2, P80_F2, P80_G2, P80_A3, P80_C3, P80_D3, P80_F3, P80_G3, P80_A4, P80_C4, P80_D4, P80_E4, P80_F4, P80_A5, P80_B5, P80_C5, P80_D5, P80_F5, P80_G5, P80_H5, P80_A6, P80_B6, P80_C6, P80_D6, P80_E6, P80_F6, P80_G6, P80_H6, P80_A7, P80_B7, P80_D7, P80_E7, P80_F7, P80_G7, P80_H7, P80_A8, P80_B8, P80_C8, P80_D8, P80_E8, P80_H8, P80_A9, P80_B9, P80_C9, P80_E9, P80_F9, P80_G9, P80_H9, P80_A10, P80_B10, P80_C10, P80_D10, P80_F10, P80_H10, P80_B11, P80_C11, P80_D11, P80_E11, P80_F11, P80_A12, P80_C12, P80_D12, P80_E12, P80_F12
P80_B1	TRIMMER0091_P80	02-SMARTindex	NA	HC	02-SMARTindex.HC1	88	98.9	89	Illumina	AGCTCTGACAGAGGAGGCCGGTCCTGGATTCGAGTTCCTCACATTCAGTGATGAGCACTGAACACGGACCCCTCACCAAGAACTTCGGGCTCAGCTTGATTTTCCTTGTCCTTGTTTTAAAAGGTGTCCAGTGTGAAGTGCTGCTGGTGGAGTCTGGGGGAGGCTTAGTGAGGCCTGGAGGGTCCCTGAAACTCTCCTGTGCAGCCTCTGGATTCACTTTCAGTGACTATTACATGTATTGGCTTCGCCAGACTCCGGAAATGAGGCTGGAGTGGGTCGCAACCATTAGTGATGGTGGTAGTTACACCTACTATCCAGACAGTGTGAAGGGGCGATTCACCATTTCCAGAGACAATGCCAACAACAACCTGTTCCTGCAAATGAGCAGTCTGAAGTCTGAGGACGCAGCCATGTACTACTGTGTACCCCACCCTTTTGCTTACTGGGGCCAAGGGACTCTGGTCACTGTCTCTGCAG	P80_A1, P80_D1, P80_E1, P80_F1, P80_G1, P80_H1, P80_A2, P80_C2, P80_D2, P80_E2, P80_F2, P80_G2, P80_A3, P80_C3, P80_D3, P80_F3, P80_G3, P80_A4, P80_C4, P80_D4, P80_E4, P80_F4, P80_A5, P80_B5, P80_C5, P80_D5, P80_F5, P80_G5, P80_H5, P80_A6, P80_B6, P80_C6, P80_D6, P80_E6, P80_F6, P80_G6, P80_H6, P80_A7, P80_B7, P80_D7, P80_E7, P80_F7, P80_G7, P80_H7, P80_A8, P80_B8, P80_C8, P80_D8, P80_E8, P80_H8, P80_A9, P80_B9, P80_C9, P80_E9, P80_F9, P80_G9, P80_H9, P80_A10, P80_B10, P80_C10, P80_D10, P80_F10, P80_H10, P80_B11, P80_C11, P80_D11, P80_E11, P80_F11, P80_A12, P80_C12, P80_D12, P80_E12, P80_F12
P80_D1	TRIMMER0091_P80	04-SMARTindex	NA	HC	04-SMARTindex.HC1	119	100	119	Illumina	GTATGAACCTAGCCCTGATTTCCCCAGCCTTCAGTTCCCAGATTCAGTGATCAGCCTTGAACACAGACCTGTCACCATGAAGTTGTGGCTGAACTGGATTTTCCTTGTAACACTTTTAAATGGTATCCAGTGTGAGGTGAAGCTGGTGGAATCTGGAGGAGGCTTGATACAGCCTGGGGGTTCTCTGAGACTCTCCTGTGCAACTTCTGGGTTCTCCTTCATTGATTACTACATGAGCTGGGTCCGCCAGCCTCCAGGAAAGGCACTTGAGTGGTTGGGTTTTATTAGAAACACAGCTAATGGTTACACAACAGAGTACAGTGCATCTGTGAAGGGTCGGTTCACCATCTCCAGAGATAATTCCCAAAGCATCCTCTATCTTCAAATGAACACCCTGAGAGCTGAGGACAGTGCCACTTATTACTGTGCAAGAGATAGCTACGGTAGTAGCTTTGACTACTGGGGCCAAGGCACCACTCTCACAGTCTCCTCAG	P80_A1, P80_B1, P80_E1, P80_F1, P80_G1, P80_H1, P80_A2, P80_C2, P80_D2, P80_E2, P80_F2, P80_G2, P80_A3, P80_C3, P80_D3, P80_F3, P80_G3, P80_A4, P80_C4, P80_D4, P80_E4, P80_F4, P80_A5, P80_B5, P80_C5, P80_D5, P80_F5, P80_G5, P80_H5, P80_A6, P80_B6, P80_C6, P80_D6, P80_E6, P80_F6, P80_G6, P80_H6, P80_A7, P80_B7, P80_D7, P80_E7, P80_F7, P80_G7, P80_H7, P80_A8, P80_B8, P80_C8, P80_D8, P80_E8, P80_H8, P80_A9, P80_B9, P80_C9, P80_E9, P80_F9, P80_G9, P80_H9, P80_A10, P80_B10, P80_C10, P80_D10, P80_F10, P80_H10, P80_B11, P80_C11, P80_D11, P80_E11, P80_F11, P80_A12, P80_C12, P80_D12, P80_E12, P80_F12
P80_E1	TRIMMER0091_P80	05-SMARTindex	NA	HC	05-SMARTindex.HC1	288	98.6	292	Illumina	ATATGAACACTGTTTTCTCTACAGTCACTGAATCTCAAGGTCCTTACAATGAAATGCAGCTGGGTCATCTTCTTCCTGATGGCAGTGGTTATAGGAATCGATTCAGAGGTTCAGCTGCAGCAGTCTGGGGCAGAGCTTGTGAGGTCAGGGGCCTCAGTCAAGTTGTCCTGCACTGCTTCTGGCTTCAACATTAAAGACTACTATATGTATTGGGTGAAGCAGAGGCCTGAACAGGGCCTGGAGTGGGTTGGATGGATTGATCCTGAGAATGGTGATACTGAATATGCCCCGAGTTTCCAGGGCAAGGCCACTATGACTGCAGACACATCCTCCAACACAGCCTACCTGCAGCTCAGCAGCCTGACATCTGAGGACACTGCCGTCTATTTCTGTAATGCATTGGCTAGCTGGGACAATAACTATGCTATGGACTATTGGGGTCAAGGAACCTCAGTCACCGTCTCCTCAG	P80_A1, P80_B1, P80_D1, P80_F1, P80_G1, P80_H1, P80_A2, P80_C2, P80_D2, P80_E2, P80_F2, P80_G2, P80_A3, P80_C3, P80_D3, P80_F3, P80_G3, P80_A4, P80_C4, P80_D4, P80_E4, P80_F4, P80_A5, P80_B5, P80_C5, P80_D5, P80_F5, P80_G5, P80_H5, P80_A6, P80_B6, P80_C6, P80_D6, P80_E6, P80_F6, P80_G6, P80_H6, P80_A7, P80_B7, P80_D7, P80_E7, P80_F7, P80_G7, P80_H7, P80_A8, P80_B8, P80_C8, P80_D8, P80_E8, P80_H8, P80_A9, P80_B9, P80_C9, P80_E9, P80_F9, P80_G9, P80_H9, P80_A10, P80_B10, P80_C10, P80_D10, P80_F10, P80_H10, P80_B11, P80_C11, P80_D11, P80_E11, P80_F11, P80_A12, P80_C12, P80_D12, P80_E12, P80_F12
P80_F1	TRIMMER0091_P80	06-SMARTindex	NA	HC	06-SMARTindex.HC1	20	87	23	Illumina	ATCTCCTCACTAGAGCCCCCATCAGAGCATGGCTGTCCTGGTGCTGTTCCTCTGCCTGGTTGCATTTCCAAGCTGTGTCCTGTCCCAGGTGCAGCTGAAGGAGTCAGGACCTGGCCTGGTGGCGCCCTCACAGAGCCTGTCCATCACTTGCACTGTCTCTGGGTTTTCATTAACCAGCTATGGTGTTCACTGGGTTCGCCAGCCTCCAGGAAAGGGTCTGGAGTGGCTGGGAGTAATTTGGTCTGGTGGAACCACAAAGTATAATTCGGCTCTCATGTCCAGACTGAGCATCAGCAAAGACAACTCCAAGAGCCAAGTTTTCTTAAAAATGAATAGTCTGCAAAATGATGACACAGCCATTTACTACTGTGCCAGAGGCAACTTTGACTACTGGGGCCAAGGCACCACTCTCACAGTCTCCTCAG	P80_A1, P80_B1, P80_D1, P80_E1, P80_G1, P80_H1, P80_A2, P80_C2, P80_D2, P80_E2, P80_F2, P80_G2, P80_A3, P80_C3, P80_D3, P80_F3, P80_G3, P80_A4, P80_C4, P80_D4, P80_E4, P80_F4, P80_A5, P80_B5, P80_C5, P80_D5, P80_F5, P80_G5, P80_H5, P80_A6, P80_B6, P80_C6, P80_D6, P80_E6, P80_F6, P80_G6, P80_H6, P80_A7, P80_B7, P80_D7, P80_E7, P80_F7, P80_G7, P80_H7, P80_A8, P80_B8, P80_C8, P80_D8, P80_E8, P80_H8, P80_A9, P80_B9, P80_C9, P80_E9, P80_F9, P80_G9, P80_H9, P80_A10, P80_B10, P80_C10, P80_D10, P80_F10, P80_H10, P80_B11, P80_C11, P80_D11, P80_E11, P80_F11, P80_A12, P80_C12, P80_D12, P80_E12, P80_F12
P80_G1	TRIMMER0091_P80	07-SMARTindex	NA	HC	07-SMARTindex.HC1	115	85.8	134	Illumina	ATCATCTTCTCATAGAGCCTCCATCAGAGCATGGCTGTCCTGGCATTACTCTTCTGCCTGGTAACATTCCCAAGCTGTATCCTTTCCCAGGTGCAGCTGAAGGAGTCAGGACCTGGCCTGGTGGCGCCCTCACAGAGCCTGTCCATCACATGCACCGTCTCAGGATTCTCATTACCCGGCTATGGTGTAAACTGGGTTCGCCAGCCTCCAGGAAAGGGTCTGGAGTGGCTGGGAATGATATGGGGTGATGGAGGCACAGACTATAATTCAGCTCTCAAATCCAGACTGAGCATCACCAAGGACAACTCCAAGAGCCAAGTTTTCTTAAAAATGAACAGTCTGCAAACTGATGACACAGCCAGGTACTTCTGTGCCAGAGATCTAGGTGGGACAGAATACTTCGATGTCTGGGGCGCAGGGACCACGGTCACCGTCTCCTCAG	P80_A1, P80_B1, P80_D1, P80_E1, P80_F1, P80_H1, P80_A2, P80_C2, P80_D2, P80_E2, P80_F2, P80_G2, P80_A3, P80_C3, P80_D3, P80_F3, P80_G3, P80_A4, P80_C4, P80_D4, P80_E4, P80_F4, P80_A5, P80_B5, P80_C5, P80_D5, P80_F5, P80_G5, P80_H5, P80_A6, P80_B6, P80_C6, P80_D6, P80_E6, P80_F6, P80_G6, P80_H6, P80_A7, P80_B7, P80_D7, P80_E7, P80_F7, P80_G7, P80_H7, P80_A8, P80_B8, P80_C8, P80_D8, P80_E8, P80_H8, P80_A9, P80_B9, P80_C9, P80_E9, P80_F9, P80_G9, P80_H9, P80_A10, P80_B10, P80_C10, P80_D10, P80_F10, P80_H10, P80_B11, P80_C11, P80_D11, P80_E11, P80_F11, P80_A12, P80_C12, P80_D12, P80_E12, P80_F12
P80_G1	TRIMMER0091_P80	07-SMARTindex	NA	HC	07-SMARTindex.HC1	15	11.2	134	Illumina	ACTAGTGTGCAGATATGAACAGGCTTACTTCCTCATTGCTGCTGCTGATTGTCCCTGCATATGTCCTGTCCCAGGTTACTCTGAAAGAGTCTGGCCCTGGGATATTGCAGCCCTCCCAGACCCTCAGTCTGACTTGTTCTTTCTCTGGGTTTTCACTGAGCACTTCTGGTATGGGTGTGAGCTGGATTCGTCAGCCTTCAGGAAAGGGTCTGGAGTGGCTGGCACACATTTACTGGGATGATGACAAGCGCTATAATCCATCCCTGAAGAGCCGGCTCACAATCTCCAAGGATACCTCCAGCAACCAGATATTCCTCAGGATCACCAGTGTGGACACTGCAGATACTGCCACATACTACTGTGCTCGAAGAGCTACTATGATTACGCCGGGGTACTATGGTATGGACTACTGGGGTCAAGGAACCTCAGTCACCGTCTCCTCAGCT	P80_A1, P80_B1, P80_D1, P80_E1, P80_F1, P80_H1, P80_A2, P80_C2, P80_D2, P80_E2, P80_F2, P80_G2, P80_A3, P80_C3, P80_D3, P80_F3, P80_G3, P80_A4, P80_C4, P80_D4, P80_E4, P80_F4, P80_A5, P80_B5, P80_C5, P80_D5, P80_F5, P80_G5, P80_H5, P80_A6, P80_B6, P80_C6, P80_D6, P80_E6, P80_F6, P80_G6, P80_H6, P80_A7, P80_B7, P80_D7, P80_E7, P80_F7, P80_G7, P80_H7, P80_A8, P80_B8, P80_C8, P80_D8, P80_E8, P80_H8, P80_A9, P80_B9, P80_C9, P80_E9, P80_F9, P80_G9, P80_H9, P80_A10, P80_B10, P80_C10, P80_D10, P80_F10, P80_H10, P80_B11, P80_C11, P80_D11, P80_E11, P80_F11, P80_A12, P80_C12, P80_D12, P80_E12, P80_F12
P80_H1	TRIMMER0091_P80	08-SMARTindex	NA	HC	08-SMARTindex.HC1	97	98	99	Illumina	AACATATGTCCAATGTCCTCTCCACAGGCACTGAACACACTGACTCTAACCATGGGATGGAGCTGGATCTTTCTCTTCTTCCTGTCAGGAACTGCAGGTGTCCTCTCTGAGGTCCTGCTGCAACAGTCTGGACCTGAGCTGGTGAAGCCTGGGGCTTCAGTGAAGATACCCTGCAAGGCTTCTGGATACACATTCACTGACGACAACATGGACTGGGTGAAGCAGAGCCATGGAAAGAGCCTTGAGTGGATTGGAGATATTAATCCTAACAATGGTGGTACTATCTACAACCAGAAATTCAAGGGCAAGGCCACATTGACTGTAGACAAGTCCTCCAGTACAGCCTACATGGAGCTCCGCAGCCTGACATCTGAGGACACTGCAGTCTATTACTGTGCAAGAGGGAAACTCCCGTTTGCTTACTGGGGCCAAGGGACTCTGGTCACTGTCTCTGCAG	P80_A1, P80_B1, P80_D1, P80_E1, P80_F1, P80_G1, P80_A2, P80_C2, P80_D2, P80_E2, P80_F2, P80_G2, P80_A3, P80_C3, P80_D3, P80_F3, P80_G3, P80_A4, P80_C4, P80_D4, P80_E4, P80_F4, P80_A5, P80_B5, P80_C5, P80_D5, P80_F5, P80_G5, P80_H5, P80_A6, P80_B6, P80_C6, P80_D6, P80_E6, P80_F6, P80_G6, P80_H6, P80_A7, P80_B7, P80_D7, P80_E7, P80_F7, P80_G7, P80_H7, P80_A8, P80_B8, P80_C8, P80_D8, P80_E8, P80_H8, P80_A9, P80_B9, P80_C9, P80_E9, P80_F9, P80_G9, P80_H9, P80_A10, P80_B10, P80_C10, P80_D10, P80_F10, P80_H10, P80_B11, P80_C11, P80_D11, P80_E11, P80_F11, P80_A12, P80_C12, P80_D12, P80_E12, P80_F12
P80_A2	TRIMMER0091_P80	09-SMARTindex	NA	HC	09-SMARTindex.HC1	22	91.7	24	Illumina	AGGGCAGTTCCTATCTCTCTCACTGGAGGCTGATTTTTGAAGAAAGGGGTTGTAGCCTAAAAGATGATGGTGTTAAGTCTTCTGTACCTGTTGACAGCCCTTCCGGGTATCCTGTCAGAGGTGCAGCTTCAGGAGTCAGGACCTAGCCTCGTGAAACCTTCTCAGACTCTGTCCCTCACCTGTTCTGTCACTGGCGACTCCATCACCAGTGGTTACTGGAACTGGATCCGGAAATTCCCAGGGAATAAATTTGAGCACATGGGGTACATAAACTACAGTGGTAACACTTACTACAATCCATCTCTCAAAAGTCGAATCTCCATCACTCGAGACACATCCAAGAACCAGTACTACCTGCAGTTGAATTCTGTGACTACTGAGGACACAGCCACATATTACTGTGCAAGGGGGGGTTACGACGGGGACTACTGGGGCCAAGGCACAACTCTCACAGTCTCCTCAG	P80_A1, P80_B1, P80_D1, P80_E1, P80_F1, P80_G1, P80_H1, P80_C2, P80_D2, P80_E2, P80_F2, P80_G2, P80_A3, P80_C3, P80_D3, P80_F3, P80_G3, P80_A4, P80_C4, P80_D4, P80_E4, P80_F4, P80_A5, P80_B5, P80_C5, P80_D5, P80_F5, P80_G5, P80_H5, P80_A6, P80_B6, P80_C6, P80_D6, P80_E6, P80_F6, P80_G6, P80_H6, P80_A7, P80_B7, P80_D7, P80_E7, P80_F7, P80_G7, P80_H7, P80_A8, P80_B8, P80_C8, P80_D8, P80_E8, P80_H8, P80_A9, P80_B9, P80_C9, P80_E9, P80_F9, P80_G9, P80_H9, P80_A10, P80_B10, P80_C10, P80_D10, P80_F10, P80_H10, P80_B11, P80_C11, P80_D11, P80_E11, P80_F11, P80_A12, P80_C12, P80_D12, P80_E12, P80_F12
P80_C2	TRIMMER0091_P80	11-SMARTindex	NA	HC	11-SMARTindex.HC1	485	98.6	492	Illumina	GGTCTCTCTGCAGTTACTAGGCACACAGGACCTCACCATGAGATGGAGCTGTATCATCCTCTTCTTGGTAGCAACAGCTACAGGTGTCAACTCCCAGGTCCAACTGCAGCAGCCTGGGGCTGAGCTTGTGATGCCTGGGGCTTCAGTGAAGATGTCCTGCAAGGCTTCTGGCTACACATTCACTGACTACTGGATGCACTGGGTGAAGCAGAGGCCTGGTCAAGGCCTTGAGTGGATCGGAGCGATTGATAGTTCTGATAGTTATACTAGGTACAATCAAAAGTTCAAGGGCAAGGCCACATTGACTGTAGACGAATCCTCCAGCACAGCCTACATGCAGCTCAGCAGCCTGACATCTGAGGACTCTGCGGTCTATTACTGTTTTTCCTACTATGGTACCTACTGGGGCCAAGGCACCACTCTCACGGTCTCCTCAG	P80_A1, P80_B1, P80_D1, P80_E1, P80_F1, P80_G1, P80_H1, P80_A2, P80_D2, P80_E2, P80_F2, P80_G2, P80_A3, P80_C3, P80_D3, P80_F3, P80_G3, P80_A4, P80_C4, P80_D4, P80_E4, P80_F4, P80_A5, P80_B5, P80_C5, P80_D5, P80_F5, P80_G5, P80_H5, P80_A6, P80_B6, P80_C6, P80_D6, P80_E6, P80_F6, P80_G6, P80_H6, P80_A7, P80_B7, P80_D7, P80_E7, P80_F7, P80_G7, P80_H7, P80_A8, P80_B8, P80_C8, P80_D8, P80_E8, P80_H8, P80_A9, P80_B9, P80_C9, P80_E9, P80_F9, P80_G9, P80_H9, P80_A10, P80_B10, P80_C10, P80_D10, P80_F10, P80_H10, P80_B11, P80_C11, P80_D11, P80_E11, P80_F11, P80_A12, P80_C12, P80_D12, P80_E12, P80_F12
P80_D2	TRIMMER0091_P80	12-SMARTindex	NA	HC	12-SMARTindex.HC1	113	99.1	114	Illumina	GTATGAACCTAGCCCTGATTTCCCCAGCCTTCAGTTCCCAGATTCAGTGATCAGCCTTGAACACAGACCTGTCACCATGAAGTTGTGGCTGAACTGGATTTTCCTTGTAACACTTTTAAATGGTATCCAGTGTGAGGTGAAGCTGGTGGAATCTGGAGGAGGCTTGATACAGCCTGGGGGTTCTCTGAGACTCTCCTGTGCAACTTCTGGGTTCTCCTTCATTGATTACTACATGAGCTGGGTCCGCCAGCCTCCAGGAAAGGCACTTGAGTGGTTGGGTTTTATTAGAAACACAGCTAATGGTTACACAACAGAGTACAGTGCATCTGTGAAGGGTCGGTTCACCATCTCCAGAGATAATTCCCAAAGCATCCTCTATCTTCAAATGAACACCCTGAGAGCTGAGGACAGTGCCACTTATTACTGTGCAAGAGATAGCTACGGTAGTAGCTTTGACTACTGGGGCCAAGGCACCACTCTCACAGTCTCCTCAG	P80_A1, P80_B1, P80_D1, P80_E1, P80_F1, P80_G1, P80_H1, P80_A2, P80_C2, P80_E2, P80_F2, P80_G2, P80_A3, P80_C3, P80_D3, P80_F3, P80_G3, P80_A4, P80_C4, P80_D4, P80_E4, P80_F4, P80_A5, P80_B5, P80_C5, P80_D5, P80_F5, P80_G5, P80_H5, P80_A6, P80_B6, P80_C6, P80_D6, P80_E6, P80_F6, P80_G6, P80_H6, P80_A7, P80_B7, P80_D7, P80_E7, P80_F7, P80_G7, P80_H7, P80_A8, P80_B8, P80_C8, P80_D8, P80_E8, P80_H8, P80_A9, P80_B9, P80_C9, P80_E9, P80_F9, P80_G9, P80_H9, P80_A10, P80_B10, P80_C10, P80_D10, P80_F10, P80_H10, P80_B11, P80_C11, P80_D11, P80_E11, P80_F11, P80_A12, P80_C12, P80_D12, P80_E12, P80_F12
P80_E2	TRIMMER0091_P80	13-SMARTindex	NA	HC	13-SMARTindex.HC1	331	98.8	335	Illumina	ATATGAACACTGTTTTCTCTACAGTCACTGAATCTCAAGGTCCTTACAATGAAATGCAGCTGGGTCATCTTCTTCCTGATGGCAGTGGTTATAGGAATCGATTCAGAGGTTCAGCTGCAGCAGTCTGGGGCAGAGCTTGTGAGGTCAGGGGCCTCAGTCAAGTTGTCCTGCACTGCTTCTGGCTTCAACATTAAAGACTACTATATGTATTGGGTGAAGCAGAGGCCTGAACAGGGCCTGGAGTGGGTTGGATGGATTGATCCTGAGAATGGTGATACTGAATATGCCCCGAGTTTCCAGGGCAAGGCCACTATGACTGCAGACACATCCTCCAACACAGCCTACCTGCAGCTCAGCAGCCTGACATCTGAGGACACTGCCGTCTATTTCTGTAATGCATTGGCTAGCTGGGACAATAACTATGCTATGGACTATTGGGGTCAAGGAACCTCAGTCACCGTCTCCTCAG	P80_A1, P80_B1, P80_D1, P80_E1, P80_F1, P80_G1, P80_H1, P80_A2, P80_C2, P80_D2, P80_F2, P80_G2, P80_A3, P80_C3, P80_D3, P80_F3, P80_G3, P80_A4, P80_C4, P80_D4, P80_E4, P80_F4, P80_A5, P80_B5, P80_C5, P80_D5, P80_F5, P80_G5, P80_H5, P80_A6, P80_B6, P80_C6, P80_D6, P80_E6, P80_F6, P80_G6, P80_H6, P80_A7, P80_B7, P80_D7, P80_E7, P80_F7, P80_G7, P80_H7, P80_A8, P80_B8, P80_C8, P80_D8, P80_E8, P80_H8, P80_A9, P80_B9, P80_C9, P80_E9, P80_F9, P80_G9, P80_H9, P80_A10, P80_B10, P80_C10, P80_D10, P80_F10, P80_H10, P80_B11, P80_C11, P80_D11, P80_E11, P80_F11, P80_A12, P80_C12, P80_D12, P80_E12, P80_F12
P80_F2	TRIMMER0091_P80	14-SMARTindex	NA	HC	14-SMARTindex.HC1	181	97.8	185	Illumina	AGCTCTGACAGAGGAGGCCGGTCCTGGATTCGATTCCCAGTTCCTCACATTCAGTCAGCACTGAACACGGACCCCTCACCATGAACTTCGGGCTCAGCTTGATTTTCCTTGCCCTCATTTTAAAAGGTGTCCAGTGTGAGGTGCAGTTGGTGGAGTCTGGGGGAGACTTAGTGAAGCCTGGAGGGTCCCTGAAACTCTCCTGTGCAGCCTCTGGATTCATTTTCAGTAGCTATGGCATGTCTTGGGTTCGCCAGACTCCAGACAAGAGGCTGGAGTGGGTCGCAACCATTAGTAGTGGTGGTAGTTATATCTATTATTCAGACAGTGTGAAGGGGCGATTCACCATCTCCAGAGACAATGCTAAGAACACCCTGTACCTGCAAATGAGCAGTCTGAAGTCTGAGGACACAGCCATGTATTACTGTGCAAGACAAGGGGACTATAGGTACGACGGGAGAAACTATGCTATGGACTACTGGGGTCAAGGAATCTCAGTCACCGTCTCCTCAG	P80_A1, P80_B1, P80_D1, P80_E1, P80_F1, P80_G1, P80_H1, P80_A2, P80_C2, P80_D2, P80_E2, P80_G2, P80_A3, P80_C3, P80_D3, P80_F3, P80_G3, P80_A4, P80_C4, P80_D4, P80_E4, P80_F4, P80_A5, P80_B5, P80_C5, P80_D5, P80_F5, P80_G5, P80_H5, P80_A6, P80_B6, P80_C6, P80_D6, P80_E6, P80_F6, P80_G6, P80_H6, P80_A7, P80_B7, P80_D7, P80_E7, P80_F7, P80_G7, P80_H7, P80_A8, P80_B8, P80_C8, P80_D8, P80_E8, P80_H8, P80_A9, P80_B9, P80_C9, P80_E9, P80_F9, P80_G9, P80_H9, P80_A10, P80_B10, P80_C10, P80_D10, P80_F10, P80_H10, P80_B11, P80_C11, P80_D11, P80_E11, P80_F11, P80_A12, P80_C12, P80_D12, P80_E12, P80_F12
P80_G2	TRIMMER0091_P80	15-SMARTindex	NA	HC	15-SMARTindex.HC1	42	100	42	Illumina	ATCATCTTCTCATAGAGCCTCCATCAGAGCATGGCTGTCCTGGCATTACTCTTCTGCCTGGTAACATTCCCAAGCTGTATCCTTTCCCAGGTGCAGCTGAAGGAGTCAGGACCTGGCCTGGTGGCGCCCTCACAGAGCCTGTCCATCACATGCACCGTCTCAGGATTCTCATTACCCGGCTATGGTGTAAACTGGGTTCGCCAGCCTCCAGGAAAGGGTCTGGAGTGGCTGGGAATGATATGGGGTGATGGAGGCACAGACTATAATTCAGCTCTCAAATCCAGACTGAGCATCACCAAGGACAACTCCAAGAGCCAAGTTTTCTTAAAAATGAACAGTCTGCAAACTGATGACACAGCCAGGTACTTCTGTGCCAGAGATCTAGGTGGGACAGAATACTTCGATGTCTGGGGCGCAGGGACCACGGTCACCGTCTCCTCAG	P80_A1, P80_B1, P80_D1, P80_E1, P80_F1, P80_G1, P80_H1, P80_A2, P80_C2, P80_D2, P80_E2, P80_F2, P80_A3, P80_C3, P80_D3, P80_F3, P80_G3, P80_A4, P80_C4, P80_D4, P80_E4, P80_F4, P80_A5, P80_B5, P80_C5, P80_D5, P80_F5, P80_G5, P80_H5, P80_A6, P80_B6, P80_C6, P80_D6, P80_E6, P80_F6, P80_G6, P80_H6, P80_A7, P80_B7, P80_D7, P80_E7, P80_F7, P80_G7, P80_H7, P80_A8, P80_B8, P80_C8, P80_D8, P80_E8, P80_H8, P80_A9, P80_B9, P80_C9, P80_E9, P80_F9, P80_G9, P80_H9, P80_A10, P80_B10, P80_C10, P80_D10, P80_F10, P80_H10, P80_B11, P80_C11, P80_D11, P80_E11, P80_F11, P80_A12, P80_C12, P80_D12, P80_E12, P80_F12
P80_A3	TRIMMER0091_P80	17-SMARTindex	NA	HC	17-SMARTindex.HC1	258	98.1	263	Illumina	AAGCGAGTGACCAGTTAGTCTTAAGGCACCACTTCTTAGACATCATGGCTTGGGTGTGGACCTTGCTATTCCTGATGGCAGCTGCCCAAAGTGCCCAAGCACAGATCCAGTTGGTGCAGTCTGGACCTGAGCTGAAGAAGCCTGGAGAGACAGTCAAGATCTCCTGCAAGGCTTCTGGGTATACCTTCACAAACTTTGGAATGACCTGGGTGAAGCAGGCTCCAGGAAAGGGTTTAAAGTGGATGGGCTGGATAAACACCTACACTGGAGAGCCAACATATCCTGATGACTTCAAGGGACGGTTTGCCTTCTCTTTGGAAACCTCTGCCAGCACTGCCTATTTGCAGATCAACAACCTCAAAAATGAAGACACGGCTACATATTTCTGTGCAAGATGGAGAAACTACTATGGTAACCAGGGTGCTATGGACTACTGGGGTCAAGGAACCTCAGTCACCGTCTCCTCAG	P80_A1, P80_B1, P80_D1, P80_E1, P80_F1, P80_G1, P80_H1, P80_A2, P80_C2, P80_D2, P80_E2, P80_F2, P80_G2, P80_C3, P80_D3, P80_F3, P80_G3, P80_A4, P80_C4, P80_D4, P80_E4, P80_F4, P80_A5, P80_B5, P80_C5, P80_D5, P80_F5, P80_G5, P80_H5, P80_A6, P80_B6, P80_C6, P80_D6, P80_E6, P80_F6, P80_G6, P80_H6, P80_A7, P80_B7, P80_D7, P80_E7, P80_F7, P80_G7, P80_H7, P80_A8, P80_B8, P80_C8, P80_D8, P80_E8, P80_H8, P80_A9, P80_B9, P80_C9, P80_E9, P80_F9, P80_G9, P80_H9, P80_A10, P80_B10, P80_C10, P80_D10, P80_F10, P80_H10, P80_B11, P80_C11, P80_D11, P80_E11, P80_F11, P80_A12, P80_C12, P80_D12, P80_E12, P80_F12
P80_C3	TRIMMER0091_P80	19-SMARTindex	NA	HC	19-SMARTindex.HC1	148	99.3	149	Illumina	ACAGTCACTGAAAACATTGACTCTAATCATGGAATGTAACTGGATACTTCCTTTTATTCTGTCGGTAACTTCAGGGGTCTACTCAGAGGTTCAGCTCCAGCAGTCTGGGACTGTGCTGGCAAGGCCTGGGGCTTCAGTGAAGATGTCCTGCAAGGCTTCTGACTACGCCTTTACCAACTACTGGATGCACTGGGTAAAACAGAGGCCTGGACAGGGTCTGGAATGGATTGGCGCTATTTATCCTGGAAATAGTAATACTCGCTACAACCAGAAGTTCAAGGGCAAGGCCAGACTGACTGCAGTCACATCCACCGGCACTGCCTACATGGAGCTCAGCAGCCTGACAAATGAGGACTCTGCGATCTATTACTGTACTAACGACTATCCTATGGACTACTGGGGTCAAGGAACCTCAATCACCGTCTCCTCAG	P80_A1, P80_B1, P80_D1, P80_E1, P80_F1, P80_G1, P80_H1, P80_A2, P80_C2, P80_D2, P80_E2, P80_F2, P80_G2, P80_A3, P80_D3, P80_F3, P80_G3, P80_A4, P80_C4, P80_D4, P80_E4, P80_F4, P80_A5, P80_B5, P80_C5, P80_D5, P80_F5, P80_G5, P80_H5, P80_A6, P80_B6, P80_C6, P80_D6, P80_E6, P80_F6, P80_G6, P80_H6, P80_A7, P80_B7, P80_D7, P80_E7, P80_F7, P80_G7, P80_H7, P80_A8, P80_B8, P80_C8, P80_D8, P80_E8, P80_H8, P80_A9, P80_B9, P80_C9, P80_E9, P80_F9, P80_G9, P80_H9, P80_A10, P80_B10, P80_C10, P80_D10, P80_F10, P80_H10, P80_B11, P80_C11, P80_D11, P80_E11, P80_F11, P80_A12, P80_C12, P80_D12, P80_E12, P80_F12
P80_D3	TRIMMER0091_P80	20-SMARTindex	NA	HC	20-SMARTindex.HC1	235	98.7	238	Illumina	AACCTATGATCAGTGTCCTCTCCACAGTCCCTGAACACACTGACTCTAACCATGGATTGGATCTGGATCTTTCTCTTCATCCTCTCAGGAACTGCAGGTGTCCACTCCCAGGTTCAGCTGCAGCAGTCTGGAACTGAGCTGGCGAGGCCCGGGGCTTCAGTGAAGCTGTCCTGCAGGGCGTCTGGCTACACCTTCACTGACTACTATATAAACTGGGTGAAGCAGAAGACTGGACAGGGCCTTGAGTGGATTGGAGAAATTTATCCTGGAATTGGTAAAACTTACTATAATGAGAAGTTCAAGGGCAAGGCCACACTGACTGCAGACAGATCCTCCAGCACAGCCTACATGCAGCTCAGTAGCCTGACATCTGAGGATTCTGCCGTCTATTTCTGTGCAAGGGCCTACGGTAGTAGGGGCTATGCTATGGACTACTGGGGTCAAGGAACCTCAGTCACCGTCTCCTCAG	P80_A1, P80_B1, P80_D1, P80_E1, P80_F1, P80_G1, P80_H1, P80_A2, P80_C2, P80_D2, P80_E2, P80_F2, P80_G2, P80_A3, P80_C3, P80_F3, P80_G3, P80_A4, P80_C4, P80_D4, P80_E4, P80_F4, P80_A5, P80_B5, P80_C5, P80_D5, P80_F5, P80_G5, P80_H5, P80_A6, P80_B6, P80_C6, P80_D6, P80_E6, P80_F6, P80_G6, P80_H6, P80_A7, P80_B7, P80_D7, P80_E7, P80_F7, P80_G7, P80_H7, P80_A8, P80_B8, P80_C8, P80_D8, P80_E8, P80_H8, P80_A9, P80_B9, P80_C9, P80_E9, P80_F9, P80_G9, P80_H9, P80_A10, P80_B10, P80_C10, P80_D10, P80_F10, P80_H10, P80_B11, P80_C11, P80_D11, P80_E11, P80_F11, P80_A12, P80_C12, P80_D12, P80_E12, P80_F12
P80_F3	TRIMMER0091_P80	22-SMARTindex	NA	HC	22-SMARTindex.HC1	830	97.2	854	Illumina	AGCTCTGACAGAGGAGGCCGGTCCTGGATTCGATTCCCAGTTCCTCACATTCAGTCAGCACTGAACACGGACCCCTCACCATGAACTTCGGGCTCAGCTTGATTTTCCTTGCCCTCATTTTAAAAGGTGTCCAGTGTGAGGTGCAGTTGGTGGAGTCTGGGGGAGACTTAGTGAAGCCTGGAGGGTCCCTGAAACTCTCCTGTGCAGCCTCTGGATTCATTTTCAGTAGCTATGGCATGTCTTGGGTTCGCCAGACTCCAGACAAGAGGCTGGAGTGGGTCGCAACCATTAGTAGTGGTGGTAGTTATATCTATTATTCAGACAGTGTGAAGGGGCGATTCACCATCTCCAGAGACAATGCTAAGAACACCCTGTACCTGCAAATGAGCAGTCTGAAGTCTGAGGACACAGCCATGTATTACTGTGCAAGACAAGGGGACTATAGGTACGACGGGAGAAACTATGCTATGGACTACTGGGGTCAAGGAATCTCAGTCACCGTCTCCTCAG	P80_A1, P80_B1, P80_D1, P80_E1, P80_F1, P80_G1, P80_H1, P80_A2, P80_C2, P80_D2, P80_E2, P80_F2, P80_G2, P80_A3, P80_C3, P80_D3, P80_G3, P80_A4, P80_C4, P80_D4, P80_E4, P80_F4, P80_A5, P80_B5, P80_C5, P80_D5, P80_F5, P80_G5, P80_H5, P80_A6, P80_B6, P80_C6, P80_D6, P80_E6, P80_F6, P80_G6, P80_H6, P80_A7, P80_B7, P80_D7, P80_E7, P80_F7, P80_G7, P80_H7, P80_A8, P80_B8, P80_C8, P80_D8, P80_E8, P80_H8, P80_A9, P80_B9, P80_C9, P80_E9, P80_F9, P80_G9, P80_H9, P80_A10, P80_B10, P80_C10, P80_D10, P80_F10, P80_H10, P80_B11, P80_C11, P80_D11, P80_E11, P80_F11, P80_A12, P80_C12, P80_D12, P80_E12, P80_F12
P80_G3	TRIMMER0091_P80	23-SMARTindex	NA	HC	23-SMARTindex.HC1	191	99	193	Illumina	ATCATCTTCTCATAGAGCCTCCATCAGAGCATGGCTGTCCTGGCATTACTCTTCTGCCTGGTAACATTCCCAAGCTGTATCCTTTCCCAGGTGCAGCTGAAGGAGTCAGGACCTGGCCTGGTGGCGCCCTCACAGAGCCTGTCCATCACATGCACCGTCTCAGGATTCTCATTACCCGGCTATGGTGTAAACTGGGTTCGCCAGCCTCCAGGAAAGGGTCTGGAGTGGCTGGGAATGATATGGGGTGATGGAGGCACAGACTATAATTCAGCTCTCAAATCCAGACTGAGCATCACCAAGGACAACTCCAAGAGCCAAGTTTTCTTAAAAATGAACAGTCTGCAAACTGATGACACAGCCAGGTACTTCTGTGCCAGAGATCTAGGTGGGACAGAATACTTCGATGTCTGGGGCGCAGGGACCACGGTCACCGTCTCCTCAG	P80_A1, P80_B1, P80_D1, P80_E1, P80_F1, P80_G1, P80_H1, P80_A2, P80_C2, P80_D2, P80_E2, P80_F2, P80_G2, P80_A3, P80_C3, P80_D3, P80_F3, P80_A4, P80_C4, P80_D4, P80_E4, P80_F4, P80_A5, P80_B5, P80_C5, P80_D5, P80_F5, P80_G5, P80_H5, P80_A6, P80_B6, P80_C6, P80_D6, P80_E6, P80_F6, P80_G6, P80_H6, P80_A7, P80_B7, P80_D7, P80_E7, P80_F7, P80_G7, P80_H7, P80_A8, P80_B8, P80_C8, P80_D8, P80_E8, P80_H8, P80_A9, P80_B9, P80_C9, P80_E9, P80_F9, P80_G9, P80_H9, P80_A10, P80_B10, P80_C10, P80_D10, P80_F10, P80_H10, P80_B11, P80_C11, P80_D11, P80_E11, P80_F11, P80_A12, P80_C12, P80_D12, P80_E12, P80_F12
P80_A4	TRIMMER0091_P80	25-SMARTindex	NA	HC	25-SMARTindex.HC1	376	99.7	377	Illumina	AAGCGAGTGACCAGTTAGTCTTAAGGCACCACTTCTTAGACATCATGGCTTGGGTGTGGACCTTGCTATTCCTGATGGCAGCTGCCCAAAGTGCCCAAGCACAGATCCAGTTGGTGCAGTCTGGACCTGAGCTGAAGAAGCCTGGAGAGACAGTCAAGATCTCCTGCAAGGCTTCTGGGTATACCTTCACAAACTTTGGAATGACCTGGGTGAAGCAGGCTCCAGGAAAGGGTTTAAAGTGGATGGGCTGGATAAACACCTACACTGGAGAGCCAACATATCCTGATGACTTCAAGGGACGGTTTGCCTTCTCTTTGGAAACCTCTGCCAGCACTGCCTATTTGCAGATCAACAACCTCAAAAATGAAGACACGGCTACATATTTCTGTGCAAGATGGAGAAACTACTATGGTAACCAGGGTGCTATGGACTACTGGGGTCAAGGAACCTCAGTCACCGTCTCCTCAG	P80_A1, P80_B1, P80_D1, P80_E1, P80_F1, P80_G1, P80_H1, P80_A2, P80_C2, P80_D2, P80_E2, P80_F2, P80_G2, P80_A3, P80_C3, P80_D3, P80_F3, P80_G3, P80_C4, P80_D4, P80_E4, P80_F4, P80_A5, P80_B5, P80_C5, P80_D5, P80_F5, P80_G5, P80_H5, P80_A6, P80_B6, P80_C6, P80_D6, P80_E6, P80_F6, P80_G6, P80_H6, P80_A7, P80_B7, P80_D7, P80_E7, P80_F7, P80_G7, P80_H7, P80_A8, P80_B8, P80_C8, P80_D8, P80_E8, P80_H8, P80_A9, P80_B9, P80_C9, P80_E9, P80_F9, P80_G9, P80_H9, P80_A10, P80_B10, P80_C10, P80_D10, P80_F10, P80_H10, P80_B11, P80_C11, P80_D11, P80_E11, P80_F11, P80_A12, P80_C12, P80_D12, P80_E12, P80_F12
P80_C4	TRIMMER0091_P80	27-SMARTindex	NA	HC	27-SMARTindex.HC1	129	94.9	136	Illumina	ACAGTCCCTGAAGACACTGACTCTAACCATGGAATGGAGCTGGGTCTTTCTCTTCCTCCTGTCAGTAATTGCAGGTGTCCAATCCCAGGTTCAATTGCAGCAGTCTGGGGCTGAGCTGGTGAGGCCTGGGGCTTCAGTGACGCTGTCCTGCAAGGCTTCGGGCTACACATTTTCTGACTATGAAATTCTCTGGGTGAAGCAGACACCTGTACATGGCCTGGAATGGATTGGAGCCATTGATCCTGACACTGGTGATACTGCCTATAATCAGAAGTTCAAGGGCAAGGTCACACTGACTGCAGACAGATCCTCCAACACAGCCTACATGGAGCTCCGCAGCCTGACATCTGAGGACTCTGCCGTCTATTACTGTACAAGACCCCTGTTTCCTTACTGGGGCCAAGGGACTCTGGTCACTGTCTCTGCAG	P80_A1, P80_B1, P80_D1, P80_E1, P80_F1, P80_G1, P80_H1, P80_A2, P80_C2, P80_D2, P80_E2, P80_F2, P80_G2, P80_A3, P80_C3, P80_D3, P80_F3, P80_G3, P80_A4, P80_D4, P80_E4, P80_F4, P80_A5, P80_B5, P80_C5, P80_D5, P80_F5, P80_G5, P80_H5, P80_A6, P80_B6, P80_C6, P80_D6, P80_E6, P80_F6, P80_G6, P80_H6, P80_A7, P80_B7, P80_D7, P80_E7, P80_F7, P80_G7, P80_H7, P80_A8, P80_B8, P80_C8, P80_D8, P80_E8, P80_H8, P80_A9, P80_B9, P80_C9, P80_E9, P80_F9, P80_G9, P80_H9, P80_A10, P80_B10, P80_C10, P80_D10, P80_F10, P80_H10, P80_B11, P80_C11, P80_D11, P80_E11, P80_F11, P80_A12, P80_C12, P80_D12, P80_E12, P80_F12
P80_D4	TRIMMER0091_P80	28-SMARTindex	NA	HC	28-SMARTindex.HC1	97	98	99	Illumina	AACCTATGATCAGTGTCCTCTCCACAGTCCCTGAACACACTGACTCTAACCATGGATTGGATCTGGATCTTTCTCTTCATCCTCTCAGGAACTGCAGGTGTCCACTCCCAGGTTCAGCTGCAGCAGTCTGGAACTGAGCTGGCGAGGCCCGGGGCTTCAGTGAAGCTGTCCTGCAGGGCGTCTGGCTACACCTTCACTGACTACTATATAAACTGGGTGAAGCAGAAGACTGGACAGGGCCTTGAGTGGATTGGAGAAATTTATCCTGGAATTGGTAAAACTTACTATAATGAGAAGTTCAAGGGCAAGGCCACACTGACTGCAGACAGATCCTCCAGCACAGCCTACATGCAGCTCAGTAGCCTGACATCTGAGGATTCTGCCGTCTATTTCTGTGCAAGGGCCTACGGTAGTAGGGGCTATGCTATGGACTACTGGGGTCAAGGAACCTCAGTCACCGTCTCCTCAG	P80_A1, P80_B1, P80_D1, P80_E1, P80_F1, P80_G1, P80_H1, P80_A2, P80_C2, P80_D2, P80_E2, P80_F2, P80_G2, P80_A3, P80_C3, P80_D3, P80_F3, P80_G3, P80_A4, P80_C4, P80_E4, P80_F4, P80_A5, P80_B5, P80_C5, P80_D5, P80_F5, P80_G5, P80_H5, P80_A6, P80_B6, P80_C6, P80_D6, P80_E6, P80_F6, P80_G6, P80_H6, P80_A7, P80_B7, P80_D7, P80_E7, P80_F7, P80_G7, P80_H7, P80_A8, P80_B8, P80_C8, P80_D8, P80_E8, P80_H8, P80_A9, P80_B9, P80_C9, P80_E9, P80_F9, P80_G9, P80_H9, P80_A10, P80_B10, P80_C10, P80_D10, P80_F10, P80_H10, P80_B11, P80_C11, P80_D11, P80_E11, P80_F11, P80_A12, P80_C12, P80_D12, P80_E12, P80_F12
P80_E4	TRIMMER0091_P80	29-SMARTindex	NA	HC	29-SMARTindex.HC1	252	98.4	256	Illumina	GCATATGATCAGTAACCTCTTCACAGTCACTGAAAACACTGACTCTAATCATGGAATGTAACTGGATACTTCCTTTTATTCTGTCAGTAACTTCAGGTGTCTACTCACAGGTTCAGCTCCAGCAGTCTGGGGCTGAGCTGGCAAGACCTGGGGCTTCAGTGAAGTTGTCCTGCAAGGCTTCTGGCTACACCTTTACTAGGTACTGGATGCAGTGGATAAAACAGAGGCCTGGACAGGGTCTGGAATGGATTGGGGCTATTTATCCTGGAGATGGTGATACTAGGTACATTCAGAAGTTCAAGGGCAAGGCCACATTGACTGCAGATAAATCCTCCAGCACAGCCTACATGCAACTCAGCAGCTTGGCTTCTGAGGACTCTGCGGTCTATTACTGTACAAGAGATGATCATGCTATGGACTACTGGGGTCAAGGAACCTCAGTCACCGTCTCCTCAG	P80_A1, P80_B1, P80_D1, P80_E1, P80_F1, P80_G1, P80_H1, P80_A2, P80_C2, P80_D2, P80_E2, P80_F2, P80_G2, P80_A3, P80_C3, P80_D3, P80_F3, P80_G3, P80_A4, P80_C4, P80_D4, P80_F4, P80_A5, P80_B5, P80_C5, P80_D5, P80_F5, P80_G5, P80_H5, P80_A6, P80_B6, P80_C6, P80_D6, P80_E6, P80_F6, P80_G6, P80_H6, P80_A7, P80_B7, P80_D7, P80_E7, P80_F7, P80_G7, P80_H7, P80_A8, P80_B8, P80_C8, P80_D8, P80_E8, P80_H8, P80_A9, P80_B9, P80_C9, P80_E9, P80_F9, P80_G9, P80_H9, P80_A10, P80_B10, P80_C10, P80_D10, P80_F10, P80_H10, P80_B11, P80_C11, P80_D11, P80_E11, P80_F11, P80_A12, P80_C12, P80_D12, P80_E12, P80_F12
P80_F4	TRIMMER0091_P80	30-SMARTindex	NA	HC	30-SMARTindex.HC1	180	62.3	289	Illumina	ATGATCAGTGTCCTCTCTACACAGTCCCTGACGACACTGACTCTAACCATGGGATGGAGCCGGATCTTTCTCTTCCTCCTGTCAATAACTGCAGGTGTCCATTGCCAGGTCCAGCTGCAGCAGTCTGGACCTGAGCTGGTGAAGCCTGGGGCCTCAGTGAAGATTTCCTGCAAAGCTTCTGGCTACACATTCAGTAAGTCTTGGATGAACTGGGTGAAGCAGAGGCCTGGACAGGGTCTTGAGTGGATTGGACGGATTTTTCCTGGATATGGAGAAAGCAAGTACAATGGGAGGTTTAAGGGCAAGGCCACACTGACTGCAGACAAATCCTCCAGCACAGCCTACATGCAGCTCAGCAGCCTGACCTCTGTGGACTCTGCGGTCTATTTCTGTGCAAGAGCTGGGACGGGATACTTTGACTACTGGGGCCAAGGCACCACTCTCACAGTCTCCTCAG	P80_A1, P80_B1, P80_D1, P80_E1, P80_F1, P80_G1, P80_H1, P80_A2, P80_C2, P80_D2, P80_E2, P80_F2, P80_G2, P80_A3, P80_C3, P80_D3, P80_F3, P80_G3, P80_A4, P80_C4, P80_D4, P80_E4, P80_A5, P80_B5, P80_C5, P80_D5, P80_F5, P80_G5, P80_H5, P80_A6, P80_B6, P80_C6, P80_D6, P80_E6, P80_F6, P80_G6, P80_H6, P80_A7, P80_B7, P80_D7, P80_E7, P80_F7, P80_G7, P80_H7, P80_A8, P80_B8, P80_C8, P80_D8, P80_E8, P80_H8, P80_A9, P80_B9, P80_C9, P80_E9, P80_F9, P80_G9, P80_H9, P80_A10, P80_B10, P80_C10, P80_D10, P80_F10, P80_H10, P80_B11, P80_C11, P80_D11, P80_E11, P80_F11, P80_A12, P80_C12, P80_D12, P80_E12, P80_F12
P80_F4	TRIMMER0091_P80	30-SMARTindex	NA	HC	30-SMARTindex.HC1	104	36	289	Illumina	AAGGGAGTGACCAGTTAGTCTTAAGGCACCACTGAGCCCAAGTCTTAGACATCATGGCTTGGGTGTGGACCTTGCTATTCCTGATGGCAGCTGCCCAAAGTATCCAAGCACAGATCCAGTTGGTGCAGTCTGGACCTGAGCTGAAGAAGCCTGGAGAGACAGTCAAGATCTCCTGCAAGGCTTCTGGTTATACCTTCACAGACTATTCAATGCACTGGGTGAGGCAGGCTCCAGGAAAGGGTTTAAAGTGGATGGGCTGGATAAACACTGAGACTGGTGAGCCAACATATGCAGATGACTTCAAGGGACGGTTTGCCTTCTCTTTGGAAACCTCTGCCAGGACTGCCTATTTGCAGATCAACAATTTCAAAAATGAGGACACGGCTACATATTTCTGTGCTAAATGGTACTTCGATGTCTGGGGCGCTGGGACCACGGTCACCGTCTCCTCAG	P80_A1, P80_B1, P80_D1, P80_E1, P80_F1, P80_G1, P80_H1, P80_A2, P80_C2, P80_D2, P80_E2, P80_F2, P80_G2, P80_A3, P80_C3, P80_D3, P80_F3, P80_G3, P80_A4, P80_C4, P80_D4, P80_E4, P80_A5, P80_B5, P80_C5, P80_D5, P80_F5, P80_G5, P80_H5, P80_A6, P80_B6, P80_C6, P80_D6, P80_E6, P80_F6, P80_G6, P80_H6, P80_A7, P80_B7, P80_D7, P80_E7, P80_F7, P80_G7, P80_H7, P80_A8, P80_B8, P80_C8, P80_D8, P80_E8, P80_H8, P80_A9, P80_B9, P80_C9, P80_E9, P80_F9, P80_G9, P80_H9, P80_A10, P80_B10, P80_C10, P80_D10, P80_F10, P80_H10, P80_B11, P80_C11, P80_D11, P80_E11, P80_F11, P80_A12, P80_C12, P80_D12, P80_E12, P80_F12
P80_A5	TRIMMER0091_P80	33-SMARTindex	NA	HC	33-SMARTindex.HC1	231	97.5	237	Illumina	AACATATGTCCAATGTCCTCTCCTCAGACACTGAACACACTGACTCTAACCATGGGATGGAGCTGGATCTTTCTCTTTCTCCTGTCAGGAACTGCAGGTGTCCTCTCTGAGGTCCAGCTGCAACAGTCTGGACCTGAGCTGGTGAAGCCTGGGGCTTCAGTGAAGATATCCTGCAAGACTTCTGGATACACATTCACTGAATACACCATGCACTGGGTGAAGCAGAGCCATGGAAAGAGCCTTGAGTGGATTGGAGGTTTTAATCCTAACAATGGTGATACTAGGTACAATCAGAAGTTCAAGGGCAAGGCCACATTGACTGTAGACAAGTCCTCCAGCACAGCCTACATGGAGGTCCGCAGCCTGACATCTGAGGATTCTGCAGTCTATTACTGTGCAAGAGATGGCTATGCAATGGACTACTGGGGTCAAGGAACCTCAGTCACCGTCTCCTCAG	P80_A1, P80_B1, P80_D1, P80_E1, P80_F1, P80_G1, P80_H1, P80_A2, P80_C2, P80_D2, P80_E2, P80_F2, P80_G2, P80_A3, P80_C3, P80_D3, P80_F3, P80_G3, P80_A4, P80_C4, P80_D4, P80_E4, P80_F4, P80_B5, P80_C5, P80_D5, P80_F5, P80_G5, P80_H5, P80_A6, P80_B6, P80_C6, P80_D6, P80_E6, P80_F6, P80_G6, P80_H6, P80_A7, P80_B7, P80_D7, P80_E7, P80_F7, P80_G7, P80_H7, P80_A8, P80_B8, P80_C8, P80_D8, P80_E8, P80_H8, P80_A9, P80_B9, P80_C9, P80_E9, P80_F9, P80_G9, P80_H9, P80_A10, P80_B10, P80_C10, P80_D10, P80_F10, P80_H10, P80_B11, P80_C11, P80_D11, P80_E11, P80_F11, P80_A12, P80_C12, P80_D12, P80_E12, P80_F12
P80_B5	TRIMMER0091_P80	34-SMARTindex	NA	HC	34-SMARTindex.HC1	198	98	202	Illumina	ATATGAGCCCTATCTTCTCTACAGACACTGAATCTCAAGGTCCTTACAATGAAATGCAGCTGGGTTATCTTCTTCCTGATGGCAGTGGTTACAGGGGTCAATTCAGAGGTTCGACTGCAGCAGTCTGGGGCAGAACTTGTGAAGCCAGGGGCCTCAGTCAAGTTGTCCTGCACAGCTTCTGGCTTCAACATTAAAGACACCTATTTACACTGGGTGAAGCAGAGGCCTGAACAGGGCCTGGAGTGGATTGGAAGGATTGATCCTGCGAATGGTAATACTAAATATGACCCGAAGTTCCAGGGCAAGGCCACTATAACAACAGACACATCCTCCAACACAGCCTACCTGCAGCTCAGCAGCCTGACATCTGAGGACACTGCCGTCTATTACTGTCTCATTTATTACTACGGTAGTAGGTACCAGTTTGACTACTGGGGCCAAGGCACCACTCTCACAGTCTCCTCAG	P80_A1, P80_B1, P80_D1, P80_E1, P80_F1, P80_G1, P80_H1, P80_A2, P80_C2, P80_D2, P80_E2, P80_F2, P80_G2, P80_A3, P80_C3, P80_D3, P80_F3, P80_G3, P80_A4, P80_C4, P80_D4, P80_E4, P80_F4, P80_A5, P80_C5, P80_D5, P80_F5, P80_G5, P80_H5, P80_A6, P80_B6, P80_C6, P80_D6, P80_E6, P80_F6, P80_G6, P80_H6, P80_A7, P80_B7, P80_D7, P80_E7, P80_F7, P80_G7, P80_H7, P80_A8, P80_B8, P80_C8, P80_D8, P80_E8, P80_H8, P80_A9, P80_B9, P80_C9, P80_E9, P80_F9, P80_G9, P80_H9, P80_A10, P80_B10, P80_C10, P80_D10, P80_F10, P80_H10, P80_B11, P80_C11, P80_D11, P80_E11, P80_F11, P80_A12, P80_C12, P80_D12, P80_E12, P80_F12
P80_C5	TRIMMER0091_P80	35-SMARTindex	NA	HC	35-SMARTindex.HC1	234	98.3	238	Illumina	AAAACATGAGATCACAGTTCTCTCTACAGTTACTGAGCACACAGGACCTCACCATGGGATGGAGCTGTATCATCCTCTTCTTGGTAGCAACAGCTACAGGTGTCCACTCCCAGGTCCAACTGCAGCAGCCTGGGGCTGAGCTGGTGAGGCCTGGGGCTTCAGTGAAGCTGTCCTGCAAGGCTTCTGGCTACACCTTCACCAGCTACTGGATAAACTGGGTGAAGCAGAGGCCTGGACAAGGCCTTGAGTGGATCGGAAATATTTATCCTTCTGATAGTTATACTAACTACAATCAGAAGTTCAAGGACAAGGCCACATTGACTGTAGACAAATCCTCCAGCACAGCCTACATGCAGCTCAACACCCCGACATCTGATGACTCTGCGGTCTATTACTGTACTAGCTCTTCTATGGCCTACTGGGGTCAAGGAACCTCAGTCACCGTCTCCTCAG	P80_A1, P80_B1, P80_D1, P80_E1, P80_F1, P80_G1, P80_H1, P80_A2, P80_C2, P80_D2, P80_E2, P80_F2, P80_G2, P80_A3, P80_C3, P80_D3, P80_F3, P80_G3, P80_A4, P80_C4, P80_D4, P80_E4, P80_F4, P80_A5, P80_B5, P80_D5, P80_F5, P80_G5, P80_H5, P80_A6, P80_B6, P80_C6, P80_D6, P80_E6, P80_F6, P80_G6, P80_H6, P80_A7, P80_B7, P80_D7, P80_E7, P80_F7, P80_G7, P80_H7, P80_A8, P80_B8, P80_C8, P80_D8, P80_E8, P80_H8, P80_A9, P80_B9, P80_C9, P80_E9, P80_F9, P80_G9, P80_H9, P80_A10, P80_B10, P80_C10, P80_D10, P80_F10, P80_H10, P80_B11, P80_C11, P80_D11, P80_E11, P80_F11, P80_A12, P80_C12, P80_D12, P80_E12, P80_F12
P80_D5	TRIMMER0091_P80	36-SMARTindex	NA	HC	36-SMARTindex.HC1	309	98.7	313	Illumina	GAAGCAAAGGGGATCAGCCCGAGATTCTCATTCAGTGATCAACACTGAACACACATCCCTTACCATGGATTTTGGGCTGATTTTTTTTATTGTTGCTCTTTTAAAAGGGGTCCAGTGTGAGGTGAAGCTTCTCGAGTCTGGAGGTGGCCTGGTACAGCCTGGAGGATCCCTGAAACTCTCCTGTGCAGCCGCAGGATTCGATTTTAGTAGATACTGGATGAGTTGGGTCCGGCAGGCTCCAGGGAAAGGGCTAGAATGGATTGGAGAAATTAATCCAGAGAGCAGTACGATAAACTATACGCCATTTCTAAAGGATAAATTCATCATCTCCAGAGACAACGCCAAAAAAACGCTGTATCTGCAAATGAGGAAAGTGAGATCTGAGGACACAGCCCTTTATTACTGTGCATACTACGGTATTAGCTACTACTTTGACTACTGGGGCCAAGGCACCACTCTCACAGTCTCCTCAG	P80_A1, P80_B1, P80_D1, P80_E1, P80_F1, P80_G1, P80_H1, P80_A2, P80_C2, P80_D2, P80_E2, P80_F2, P80_G2, P80_A3, P80_C3, P80_D3, P80_F3, P80_G3, P80_A4, P80_C4, P80_D4, P80_E4, P80_F4, P80_A5, P80_B5, P80_C5, P80_F5, P80_G5, P80_H5, P80_A6, P80_B6, P80_C6, P80_D6, P80_E6, P80_F6, P80_G6, P80_H6, P80_A7, P80_B7, P80_D7, P80_E7, P80_F7, P80_G7, P80_H7, P80_A8, P80_B8, P80_C8, P80_D8, P80_E8, P80_H8, P80_A9, P80_B9, P80_C9, P80_E9, P80_F9, P80_G9, P80_H9, P80_A10, P80_B10, P80_C10, P80_D10, P80_F10, P80_H10, P80_B11, P80_C11, P80_D11, P80_E11, P80_F11, P80_A12, P80_C12, P80_D12, P80_E12, P80_F12
P80_F5	TRIMMER0091_P80	38-SMARTindex	NA	HC	38-SMARTindex.HC1	79	63.2	125	Illumina	ATAAGATCACTGTTCTCTCTCCAGTTACTGAGCACACAGGACCTCACCATGGGATGGAGCTGTATCATCCTCTTCTTGGTATCAACAGCTACAGGTGTCCACTCCCAGGTCCAACTGCAGCAGCCTGGGGCTGAGCTTGTGAAGCCTGGGGCTTCAGTGAAGCTGTCCTGCAAGGCTTCTGGCTACACCTTCACCAGCTACTGGATGCACTGGGTGAAGCAGAGGCCTGGACAAGGCCTTGAGTGGATCGGAGAGATTGATCCTTCTGATAGTTATACTAACTACAATCAAAAGTTCAAGGACAAGGCCACATTGACTGTAGACAAATCCTCCAGCACAGCCTACATGCAGCTCAGCAGCCTGACATCTGAGGACTCTGCGGTCTTTTATTGTGTAAGAAAGGGTTATTACGACGGGTTTGCTTACTGGGGCCAAGGGACTCTGATCACTGTCTCTGCAG	P80_A1, P80_B1, P80_D1, P80_E1, P80_F1, P80_G1, P80_H1, P80_A2, P80_C2, P80_D2, P80_E2, P80_F2, P80_G2, P80_A3, P80_C3, P80_D3, P80_F3, P80_G3, P80_A4, P80_C4, P80_D4, P80_E4, P80_F4, P80_A5, P80_B5, P80_C5, P80_D5, P80_G5, P80_H5, P80_A6, P80_B6, P80_C6, P80_D6, P80_E6, P80_F6, P80_G6, P80_H6, P80_A7, P80_B7, P80_D7, P80_E7, P80_F7, P80_G7, P80_H7, P80_A8, P80_B8, P80_C8, P80_D8, P80_E8, P80_H8, P80_A9, P80_B9, P80_C9, P80_E9, P80_F9, P80_G9, P80_H9, P80_A10, P80_B10, P80_C10, P80_D10, P80_F10, P80_H10, P80_B11, P80_C11, P80_D11, P80_E11, P80_F11, P80_A12, P80_C12, P80_D12, P80_E12, P80_F12
P80_F5	TRIMMER0091_P80	38-SMARTindex	NA	HC	38-SMARTindex.HC1	23	18.4	125	Illumina	GACATATGACCAATATCCTCTCCACATTCCCTTAAGACACTGACTCTAAACATGGGATGGATCTGGATCTTTCTCTTCCTCCTGTCAGGAACTGCAGGTGTCCACTCTGAGGTCCAGCTGCAGCAGTCTGGACCTGAGCTAGTGAAGACTGGGGCTTCAGTGAAGATATCCTGCAAGGCTTCTGGTTACTCATTCACTGGTTACTACATGCACTGGGTCAAGCAGAGCCATGGAAAGAGCCTTGAGTGGATTGGATATATTAGTTGTTACAATGGTGCTACTAGCTATAATCAGAAGTTCAAGGGCAAGGCCACATTTACTGTAGACACATCCTCCAACACAGCCTACATACAGTTCAACAGCCTGACATCTGAAGACTCTGCGGTCTATTACTGTGCAAGTGGCTATGATTTCCCTCTTGCTTACTGGGGCCAAGGGACTCTGGTCACTGTCTCTGCAG	P80_A1, P80_B1, P80_D1, P80_E1, P80_F1, P80_G1, P80_H1, P80_A2, P80_C2, P80_D2, P80_E2, P80_F2, P80_G2, P80_A3, P80_C3, P80_D3, P80_F3, P80_G3, P80_A4, P80_C4, P80_D4, P80_E4, P80_F4, P80_A5, P80_B5, P80_C5, P80_D5, P80_G5, P80_H5, P80_A6, P80_B6, P80_C6, P80_D6, P80_E6, P80_F6, P80_G6, P80_H6, P80_A7, P80_B7, P80_D7, P80_E7, P80_F7, P80_G7, P80_H7, P80_A8, P80_B8, P80_C8, P80_D8, P80_E8, P80_H8, P80_A9, P80_B9, P80_C9, P80_E9, P80_F9, P80_G9, P80_H9, P80_A10, P80_B10, P80_C10, P80_D10, P80_F10, P80_H10, P80_B11, P80_C11, P80_D11, P80_E11, P80_F11, P80_A12, P80_C12, P80_D12, P80_E12, P80_F12
P80_F5	TRIMMER0091_P80	38-SMARTindex	NA	HC	38-SMARTindex.HC1	20	16	125	Illumina	ATGATCAGTGTCCTCTCTACACAGTCCCTGACGACACTGACTCTAACCATGGGATGGAGCCGGATCTTTCTCTTCCTCCTGTCAATAACTGCAGGTGTCCATTGCCAGGTCCAGCTGCAGCAGTCTGGACCTGAGCTGGTGAAGCCTGGGGCCTCAGTGAAGATTTCCTGCAAAGCTTCTGGCTACACATTCAGTAAGTCTTGGATGAACTGGGTGAAGCAGAGGCCTGGACAGGGTCTTGAGTGGATTGGACGGATTTTTCCTGGATATGGAGAAAGCAAGTACAATGGGAGGTTTAAGGGCAAGGCCACACTGACTGCAGACAAATCCTCCAGCACAGCCTACATGCAGCTCAGCAGCCTGACCTCTGTGGACTCTGCGGTCTATTTCTGTGCAAGAGCTGGGACGGGATACTTTGACTACTGGGGCCAAGGCACCACTCTCACAGTCTCCTCAG	P80_A1, P80_B1, P80_D1, P80_E1, P80_F1, P80_G1, P80_H1, P80_A2, P80_C2, P80_D2, P80_E2, P80_F2, P80_G2, P80_A3, P80_C3, P80_D3, P80_F3, P80_G3, P80_A4, P80_C4, P80_D4, P80_E4, P80_F4, P80_A5, P80_B5, P80_C5, P80_D5, P80_G5, P80_H5, P80_A6, P80_B6, P80_C6, P80_D6, P80_E6, P80_F6, P80_G6, P80_H6, P80_A7, P80_B7, P80_D7, P80_E7, P80_F7, P80_G7, P80_H7, P80_A8, P80_B8, P80_C8, P80_D8, P80_E8, P80_H8, P80_A9, P80_B9, P80_C9, P80_E9, P80_F9, P80_G9, P80_H9, P80_A10, P80_B10, P80_C10, P80_D10, P80_F10, P80_H10, P80_B11, P80_C11, P80_D11, P80_E11, P80_F11, P80_A12, P80_C12, P80_D12, P80_E12, P80_F12
P80_G5	TRIMMER0091_P80	39-SMARTindex	NA	HC	39-SMARTindex.HC1	304	97.4	312	Illumina	GACATATGACCAATATCCTCTCCACATTCCCTTAAGACACTGACTCTAAACATGGGATGGATCTGGATCTTTCTCTTCCTCCTGTCAGGAACTGCAGGTGTCCACTCTGAGGTCCAGCTGCAGCAGTCTGGACCTGAGCTAGTGAAGACTGGGGCTTCAGTGAAGATATCCTGCAAGGCTTCTGGTTACTCATTCACTGGTTACTACATGCACTGGGTCAAGCAGAGCCATGGAAAGAGCCTTGAATGGATTGGATATATTAGTTGTTACAATGGTGCTACTAACTACAACCAGAAGTTCAAGGACAAGGCCACATTTACTGTAGACACATCCTCCAGCACAGCCTACATGCAGTTCAACAGCCTGACATCTGAAGACTCTGCGGTCTATTACTGTACAAGATGGGGGGGCCACTCTATTGACTACTGGGGCCAAGGCACCACTCTCACAGTCTCCTCAG	P80_A1, P80_B1, P80_D1, P80_E1, P80_F1, P80_G1, P80_H1, P80_A2, P80_C2, P80_D2, P80_E2, P80_F2, P80_G2, P80_A3, P80_C3, P80_D3, P80_F3, P80_G3, P80_A4, P80_C4, P80_D4, P80_E4, P80_F4, P80_A5, P80_B5, P80_C5, P80_D5, P80_F5, P80_H5, P80_A6, P80_B6, P80_C6, P80_D6, P80_E6, P80_F6, P80_G6, P80_H6, P80_A7, P80_B7, P80_D7, P80_E7, P80_F7, P80_G7, P80_H7, P80_A8, P80_B8, P80_C8, P80_D8, P80_E8, P80_H8, P80_A9, P80_B9, P80_C9, P80_E9, P80_F9, P80_G9, P80_H9, P80_A10, P80_B10, P80_C10, P80_D10, P80_F10, P80_H10, P80_B11, P80_C11, P80_D11, P80_E11, P80_F11, P80_A12, P80_C12, P80_D12, P80_E12, P80_F12
P80_H5	TRIMMER0091_P80	40-SMARTindex	NA	HC	40-SMARTindex.HC1	341	95.5	357	Illumina	AACATATGTCCAATGTCCTCTCCACAGGCACTGAACACACTGACTCTAACCATGGGATGGAGCTGGATCTTTCTCTTCTTCCTGTCAGGAACTGCAGGTGTCCTCTCTGAGGTCCTGCTGCAACAGTCTGGACCTGAGCTGGTGAAGCCTGGGGCTTCAGTGAAGATATCCTGCAAGGCTTCTGGATACACATTCACTGACTACAACATGGACTGGGTGAAGCAGAGCCATGGAAAGAGCCTTGAGTGGATTGGCGATATTAATCCTAACAATGGTGGTCCTATCTACAACCAGAATTTTAGGGGCAAGGCCACATTGACTGTAGACAAGTCCTCCAGCACAGCCTTCATGGAGCTCCGCAGCCTGACATCTGAGGACTCTGCAGTCTATTACTGTGCAAGAGACTGGTCCTCTGCTATGGACTACTGGGGTCAAGGAACCTCAGTCACCGTCTCCTCAG	P80_A1, P80_B1, P80_D1, P80_E1, P80_F1, P80_G1, P80_H1, P80_A2, P80_C2, P80_D2, P80_E2, P80_F2, P80_G2, P80_A3, P80_C3, P80_D3, P80_F3, P80_G3, P80_A4, P80_C4, P80_D4, P80_E4, P80_F4, P80_A5, P80_B5, P80_C5, P80_D5, P80_F5, P80_G5, P80_A6, P80_B6, P80_C6, P80_D6, P80_E6, P80_F6, P80_G6, P80_H6, P80_A7, P80_B7, P80_D7, P80_E7, P80_F7, P80_G7, P80_H7, P80_A8, P80_B8, P80_C8, P80_D8, P80_E8, P80_H8, P80_A9, P80_B9, P80_C9, P80_E9, P80_F9, P80_G9, P80_H9, P80_A10, P80_B10, P80_C10, P80_D10, P80_F10, P80_H10, P80_B11, P80_C11, P80_D11, P80_E11, P80_F11, P80_A12, P80_C12, P80_D12, P80_E12, P80_F12
P80_A6	TRIMMER0091_P80	41-SMARTindex	NA	HC	41-SMARTindex.HC1	22	95.7	23	Illumina	AACATATGTCCAATGTCCTCTCCTCAGACACTGAACACACTGACTCTAACCATGGGATGGAGCTGGATCTTTCTCTTTCTCCTGTCAGGAACTGCAGGTGTCCTCTCTGAGGTCCAGCTGCAACAGTCTGGACCTGAGCTGGTGAAGCCTGGGGCTTCAGTGAAGATATCCTGCAAGACTTCTGGATACACATTCACTGAATACACCATGCACTGGGTGAAGCAGAGCCATGGAAAGAGCCTTGAGTGGATTGGAGGTTTTAATCCTAACAATGGTGATACTAGGTACAATCAGAAGTTCAAGGGCAAGGCCACATTGACTGTAGACAAGTCCTCCAGCACAGCCTACATGGAGGTCCGCAGCCTGACATCTGAGGATTCTGCAGTCTATTACTGTGCAAGAGATGGCTATGCAATGGACTACTGGGGTCAAGGAACCTCAGTCACCGTCTCCTCAG	P80_A1, P80_B1, P80_D1, P80_E1, P80_F1, P80_G1, P80_H1, P80_A2, P80_C2, P80_D2, P80_E2, P80_F2, P80_G2, P80_A3, P80_C3, P80_D3, P80_F3, P80_G3, P80_A4, P80_C4, P80_D4, P80_E4, P80_F4, P80_A5, P80_B5, P80_C5, P80_D5, P80_F5, P80_G5, P80_H5, P80_B6, P80_C6, P80_D6, P80_E6, P80_F6, P80_G6, P80_H6, P80_A7, P80_B7, P80_D7, P80_E7, P80_F7, P80_G7, P80_H7, P80_A8, P80_B8, P80_C8, P80_D8, P80_E8, P80_H8, P80_A9, P80_B9, P80_C9, P80_E9, P80_F9, P80_G9, P80_H9, P80_A10, P80_B10, P80_C10, P80_D10, P80_F10, P80_H10, P80_B11, P80_C11, P80_D11, P80_E11, P80_F11, P80_A12, P80_C12, P80_D12, P80_E12, P80_F12
P80_B6	TRIMMER0091_P80	42-SMARTindex	NA	HC	42-SMARTindex.HC1	329	98.2	335	Illumina	AGCTCTGACAGAGGAGGCCGGTCCTGGATTCGATTCCCAGTTCCTCACATTCAGTCAGCACTGAACACGGACCCCTCACCATGAACTTCGGGCTCAGCTTGATTTTCCTTGCCCTCATTTTAAAAGGTGTCCAGTGTGAGGTGCAGCTGGTGGAGTCTGGGGGAGACTTAGTGAAGCCTGGAGGGTCCCTGAAATTGTCCTGTGCAGCCTCTGGATTCACTTTCAGTAACTATGTCATGTCTTGGGTTCGCCAGACTCCAGACAAGAGGCTGGAGTGGGTCGCAACCATTAATAGTGGTGGTCGTAACACCTACTATCCAGACAGTGTGAGGGGGCGATTCACCATCTCCAGAGACAATGCCAAGAACACCCTGTACCTACAAATGAGCAGTCTGAAGTCTGAGGACACAGCCATTTATTACTGTGTCTACAATAATTACGACGTAGGCTACTGGGGCCAAGGCACCACTCTCACAGTCTCCTCAG	P80_A1, P80_B1, P80_D1, P80_E1, P80_F1, P80_G1, P80_H1, P80_A2, P80_C2, P80_D2, P80_E2, P80_F2, P80_G2, P80_A3, P80_C3, P80_D3, P80_F3, P80_G3, P80_A4, P80_C4, P80_D4, P80_E4, P80_F4, P80_A5, P80_B5, P80_C5, P80_D5, P80_F5, P80_G5, P80_H5, P80_A6, P80_C6, P80_D6, P80_E6, P80_F6, P80_G6, P80_H6, P80_A7, P80_B7, P80_D7, P80_E7, P80_F7, P80_G7, P80_H7, P80_A8, P80_B8, P80_C8, P80_D8, P80_E8, P80_H8, P80_A9, P80_B9, P80_C9, P80_E9, P80_F9, P80_G9, P80_H9, P80_A10, P80_B10, P80_C10, P80_D10, P80_F10, P80_H10, P80_B11, P80_C11, P80_D11, P80_E11, P80_F11, P80_A12, P80_C12, P80_D12, P80_E12, P80_F12
P80_C6	TRIMMER0091_P80	43-SMARTindex	NA	HC	43-SMARTindex.HC1	17	100	17	Illumina	ATCTCCTCACTAGAGCCCCCATCAGAGCATGGCTGTCCTGGTGCTGTTCCTCTGCCTGGTTGCATTTCCAAGCTGTGTCCTGTCCCAGGTGCAGCTGAAGGAGTCAGGACCTGGCCTGGTGGCGCCCTCACAGAGCCTGTCCATCACTTGCACTGTCTCTGGTTTTTCATTAACCACCTATGGTGTACAATGGGTTCGCCAGCCTCCAGGAAAGGGTCTGGAGTGGCTGGGAGTAATATGGGCTGGTGGAAGCACAAATTATAATTCGGCTCTCATGTCCAGACTGAGCATCAGCAAAGACAACTCCAAGAGCCAAGTTTTCTTAAAAATGAACAGTCTGCAAACTGATGACACAGCCATGTACTACTGTGCCAGAGATCGGGGGGGTAACTACTTTGACTACTGGGGCCAAGGCACCACTCTCACAGTCTCCTCAG	P80_A1, P80_B1, P80_D1, P80_E1, P80_F1, P80_G1, P80_H1, P80_A2, P80_C2, P80_D2, P80_E2, P80_F2, P80_G2, P80_A3, P80_C3, P80_D3, P80_F3, P80_G3, P80_A4, P80_C4, P80_D4, P80_E4, P80_F4, P80_A5, P80_B5, P80_C5, P80_D5, P80_F5, P80_G5, P80_H5, P80_A6, P80_B6, P80_D6, P80_E6, P80_F6, P80_G6, P80_H6, P80_A7, P80_B7, P80_D7, P80_E7, P80_F7, P80_G7, P80_H7, P80_A8, P80_B8, P80_C8, P80_D8, P80_E8, P80_H8, P80_A9, P80_B9, P80_C9, P80_E9, P80_F9, P80_G9, P80_H9, P80_A10, P80_B10, P80_C10, P80_D10, P80_F10, P80_H10, P80_B11, P80_C11, P80_D11, P80_E11, P80_F11, P80_A12, P80_C12, P80_D12, P80_E12, P80_F12
P80_D6	TRIMMER0091_P80	44-SMARTindex	NA	HC	44-SMARTindex.HC1	153	100	153	Illumina	AACATATGTCCAATGTCCTCTCCTCAGACACTGAACACACTGACTCTAACCATGGGATGGAGCTGGATCTTTCTCTTTCTCCTGTCAGGAACTGCAGGTGTCCTCTCTGAGGTCCAGCTGCAACAGTCTGGACCTGAGCTGGTGAAGCCTGGGGCTTCAGTGAAGATATCCTGCAAGACTTCTGGATACACATTCACTGAATACACCATGCACTGGGTGAAGCAGAGCCATGGAAAGAGCCTTGAGTGGATTGGAGGTATTAATCCTAATAATAGTATTACTAGTTACAGTCAGAAGTTTAAGGGCAAGGCCACATTGACTGTAGACAAGTCCTCCAGCACAGCCTACATGGAGCTCCGCAGCCTGACATCTGAGGATTCTGCAGTCTTTTACTGTGCAAGACCTTACTATAGGCACTACTTTTACTACTGGGGCCAAGGCACCACTCTCACAGTCTCCTCAG	P80_A1, P80_B1, P80_D1, P80_E1, P80_F1, P80_G1, P80_H1, P80_A2, P80_C2, P80_D2, P80_E2, P80_F2, P80_G2, P80_A3, P80_C3, P80_D3, P80_F3, P80_G3, P80_A4, P80_C4, P80_D4, P80_E4, P80_F4, P80_A5, P80_B5, P80_C5, P80_D5, P80_F5, P80_G5, P80_H5, P80_A6, P80_B6, P80_C6, P80_E6, P80_F6, P80_G6, P80_H6, P80_A7, P80_B7, P80_D7, P80_E7, P80_F7, P80_G7, P80_H7, P80_A8, P80_B8, P80_C8, P80_D8, P80_E8, P80_H8, P80_A9, P80_B9, P80_C9, P80_E9, P80_F9, P80_G9, P80_H9, P80_A10, P80_B10, P80_C10, P80_D10, P80_F10, P80_H10, P80_B11, P80_C11, P80_D11, P80_E11, P80_F11, P80_A12, P80_C12, P80_D12, P80_E12, P80_F12
P80_E6	TRIMMER0091_P80	45-SMARTindex	NA	HC	45-SMARTindex.HC1	42	100	42	Illumina	GCATATGATCAGTAACCTCTTCACAGTCACTGAAAACACTGACTCTCATCATGGAATGTAACTGGATACTTCCTTTTATTCTGTCAGTTACTTCAGGTGTCTACTCACAGGTTCAGCTCCAGCAGTCTGGGACTGAGCTGGCAAGACCTGGGGCTTCAGTGAAGTTGTCCTGTAAGGCTTCTGGCTACACCTTTACTAACTACTGGATGCAGTGGATAAAACAGAGGCCTGGACAGGGTCTGGAATGGATTGGGGCTATTTATCCTGGAGATGGTGATACTAGGTACACTCAGAAATTCAAGGGCAAGGCCACATTGACTGCAGATAAATCCTCCAGCACAGCCTACATGCAACTCAGCAGCTTGGCATCTGAGGACTCTGCGGTCTATTACTGTGCAAGGTCAATTACTTCGGTCTACTTTGACTACTGGGGCCAAGGCACCACTCTCACAGTCTCCTCAG	P80_A1, P80_B1, P80_D1, P80_E1, P80_F1, P80_G1, P80_H1, P80_A2, P80_C2, P80_D2, P80_E2, P80_F2, P80_G2, P80_A3, P80_C3, P80_D3, P80_F3, P80_G3, P80_A4, P80_C4, P80_D4, P80_E4, P80_F4, P80_A5, P80_B5, P80_C5, P80_D5, P80_F5, P80_G5, P80_H5, P80_A6, P80_B6, P80_C6, P80_D6, P80_F6, P80_G6, P80_H6, P80_A7, P80_B7, P80_D7, P80_E7, P80_F7, P80_G7, P80_H7, P80_A8, P80_B8, P80_C8, P80_D8, P80_E8, P80_H8, P80_A9, P80_B9, P80_C9, P80_E9, P80_F9, P80_G9, P80_H9, P80_A10, P80_B10, P80_C10, P80_D10, P80_F10, P80_H10, P80_B11, P80_C11, P80_D11, P80_E11, P80_F11, P80_A12, P80_C12, P80_D12, P80_E12, P80_F12
P80_F6	TRIMMER0091_P80	46-SMARTindex	NA	HC	46-SMARTindex.HC1	159	98.1	162	Illumina	ATGATCAGTGTCCTCTCTACACAGTCCCTGACGACACTGACTCTAACCATGGGATGGAGCCGGATCTTTCTCTTCCTCCTGTCAATAACTGCAGGTGTCCATTGCCAGGTCCAGCTGCAGCAGTCTGGACCTGAGCTGGTGAAGCCTGGGGCCTCAGTGAAGATTTCCTGCAAAGCTTCTGGCTACACATTCAGTAAGTCTTGGATGAACTGGGTGAAGCAGAGGCCTGGACAGGGTCTTGAGTGGATTGGACGGATTTTTCCTGGATATGGAGAAAGCAAGTACAATGGGAGGTTTAAGGGCAAGGCCACACTGACTGCAGACAAATCCTCCAGCACAGCCTACATGCAGCTCAGCAGCCTGACCTCTGTGGACTCTGCGGTCTATTTCTGTGCAAGAGCTGGGACGGGATACTTTGACTACTGGGGCCAAGGCACCACTCTCACAGTCTCCTCAG	P80_A1, P80_B1, P80_D1, P80_E1, P80_F1, P80_G1, P80_H1, P80_A2, P80_C2, P80_D2, P80_E2, P80_F2, P80_G2, P80_A3, P80_C3, P80_D3, P80_F3, P80_G3, P80_A4, P80_C4, P80_D4, P80_E4, P80_F4, P80_A5, P80_B5, P80_C5, P80_D5, P80_F5, P80_G5, P80_H5, P80_A6, P80_B6, P80_C6, P80_D6, P80_E6, P80_G6, P80_H6, P80_A7, P80_B7, P80_D7, P80_E7, P80_F7, P80_G7, P80_H7, P80_A8, P80_B8, P80_C8, P80_D8, P80_E8, P80_H8, P80_A9, P80_B9, P80_C9, P80_E9, P80_F9, P80_G9, P80_H9, P80_A10, P80_B10, P80_C10, P80_D10, P80_F10, P80_H10, P80_B11, P80_C11, P80_D11, P80_E11, P80_F11, P80_A12, P80_C12, P80_D12, P80_E12, P80_F12
P80_G6	TRIMMER0091_P80	47-SMARTindex	NA	HC	47-SMARTindex.HC1	117	100	117	Illumina	ATATGAGCCCTATCTTCTCTACAGACACTGAATCTCAAGGTCCTTACAATGAAATGCAGCTGGGTTATCTTCTTCCTGATGGCAGTGGTTACAGGAGTCAATTCAGAGTTTCAGCTGCAGCAGTCTGGGGCAGAGCTTGTGAAGCCAGGGGCCTCAGTCAAGTTGTCCTGCACAGCTTCTGGCTTCAACATTAAAGACACCTATATGCACTGGGTGAAGCAGAGGCCTGAACAGGGCCTGGAGTGGATTGGAAGGATTGATCCTGCGAATGGTAATACTAAATATGACCCGAAGTTCCAGGGCAAGGCCACTATAACAGCAGACACATCCTCCAACACAGCCTACCTGCAGCTCAGCAGCCTGACATCTGAGGACACTGCCGTCTATTACTGTGCTAGCCTCAGCTCCCTTTTTGCTTACTGGGGCCAAGGGACTCTGGTCACTGTCTCTGCAG	P80_A1, P80_B1, P80_D1, P80_E1, P80_F1, P80_G1, P80_H1, P80_A2, P80_C2, P80_D2, P80_E2, P80_F2, P80_G2, P80_A3, P80_C3, P80_D3, P80_F3, P80_G3, P80_A4, P80_C4, P80_D4, P80_E4, P80_F4, P80_A5, P80_B5, P80_C5, P80_D5, P80_F5, P80_G5, P80_H5, P80_A6, P80_B6, P80_C6, P80_D6, P80_E6, P80_F6, P80_H6, P80_A7, P80_B7, P80_D7, P80_E7, P80_F7, P80_G7, P80_H7, P80_A8, P80_B8, P80_C8, P80_D8, P80_E8, P80_H8, P80_A9, P80_B9, P80_C9, P80_E9, P80_F9, P80_G9, P80_H9, P80_A10, P80_B10, P80_C10, P80_D10, P80_F10, P80_H10, P80_B11, P80_C11, P80_D11, P80_E11, P80_F11, P80_A12, P80_C12, P80_D12, P80_E12, P80_F12
P80_H6	TRIMMER0091_P80	48-SMARTindex	NA	HC	48-SMARTindex.HC1	49	98	50	Illumina	ACAAGTGTGCAGACATGGACAGGCTTACTTCTTCATTCCTGCTGCTGATTGTCCCTGCATATGTCTTGTCCCAAGTTACTCTAAAAGAGTCTGGCCCTGGGATATTGAAGCCCTCACAGACCCTCAGTCTGACTTGTTCTTTCTCTGGGTTTTCACTGAGCACTTCTGGTATGGGTGTAGGCTGGATTCGTCAGCCTTCAGGGAAGGGTCTGGAGTGGCTGGCACACATTTGGTGGGATGATGCTAAGTATTATAATCCATCCCTGAAGAGCCAGCTCACAATCTCCAAGGATTCCTCCAGAAACCAGGTCTTCCTCGAGATCACCAGTGTGGACACTGCAGATACTGCCACTTATTACTGTGCTCGGGAAGGGGTCTACTCCTATGCTATGGACTACTGGGGTCAAGGAACCTCAGTCAACGTCTCCTCAG	P80_A1, P80_B1, P80_D1, P80_E1, P80_F1, P80_G1, P80_H1, P80_A2, P80_C2, P80_D2, P80_E2, P80_F2, P80_G2, P80_A3, P80_C3, P80_D3, P80_F3, P80_G3, P80_A4, P80_C4, P80_D4, P80_E4, P80_F4, P80_A5, P80_B5, P80_C5, P80_D5, P80_F5, P80_G5, P80_H5, P80_A6, P80_B6, P80_C6, P80_D6, P80_E6, P80_F6, P80_G6, P80_A7, P80_B7, P80_D7, P80_E7, P80_F7, P80_G7, P80_H7, P80_A8, P80_B8, P80_C8, P80_D8, P80_E8, P80_H8, P80_A9, P80_B9, P80_C9, P80_E9, P80_F9, P80_G9, P80_H9, P80_A10, P80_B10, P80_C10, P80_D10, P80_F10, P80_H10, P80_B11, P80_C11, P80_D11, P80_E11, P80_F11, P80_A12, P80_C12, P80_D12, P80_E12, P80_F12
P80_A7	TRIMMER0091_P80	49-SMARTindex	NA	HC	49-SMARTindex.HC1	254	96.9	262	Illumina	AGCATATGATCAGTGTCCTCTCCAAAGTCCTTGAACATAGACTCTAACCATGGAATGGACCTGGGTCTTTCTCTTCCTCCTGTCAGTAACTGCAGGTGTCCACTCCCAGGTTCAGCTGCAGCAGTCTGGAGCTGAGCTGATGAAGCCTGGGGCCTCAGTGAAGATATCCTGCAAGGCTACTGGCTACACATTCAGTAGCTACTGGATAGAGTGGGTAAAGCAGAGGCCTGGACATGGCCTTGAGTGGATTGGAGAGATTTTACCTGGAAGTGGTAGTACTAACTACAATGAGAAGTTCAAGGGCAAGGCCACATTCACTGCAGATATATCCTCCAACACAGCCTACATGCAACTCAGCAGCCTGACATCTGAGGACTCTGCCGTCTATTACTGTGAAAGAGGAATGGGCGACTACTGGGGCCAAGGCACCACTCTCACAGTCTCCTCAG	P80_A1, P80_B1, P80_D1, P80_E1, P80_F1, P80_G1, P80_H1, P80_A2, P80_C2, P80_D2, P80_E2, P80_F2, P80_G2, P80_A3, P80_C3, P80_D3, P80_F3, P80_G3, P80_A4, P80_C4, P80_D4, P80_E4, P80_F4, P80_A5, P80_B5, P80_C5, P80_D5, P80_F5, P80_G5, P80_H5, P80_A6, P80_B6, P80_C6, P80_D6, P80_E6, P80_F6, P80_G6, P80_H6, P80_B7, P80_D7, P80_E7, P80_F7, P80_G7, P80_H7, P80_A8, P80_B8, P80_C8, P80_D8, P80_E8, P80_H8, P80_A9, P80_B9, P80_C9, P80_E9, P80_F9, P80_G9, P80_H9, P80_A10, P80_B10, P80_C10, P80_D10, P80_F10, P80_H10, P80_B11, P80_C11, P80_D11, P80_E11, P80_F11, P80_A12, P80_C12, P80_D12, P80_E12, P80_F12
P80_B7	TRIMMER0091_P80	50-SMARTindex	NA	HC	50-SMARTindex.HC1	93	98.9	94	Illumina	AGCTCTGACAGAGGAGGCCGGTCCTGGATTCGATTCCCAGTTCCTCACATTCAGTCAGCACTGAACACGGACCCCTCACCATGAACTTCGGGCTCAGCTTGATTTTCCTTGCCCTCATTTTAAAAGGTGTCCAGTGTGAGGTGCAGCTGGTGGAGTCTGGGGGAGACTTAGTGAAGCCTGGAGGGTCCCTGAAATTGTCCTGTGCAGCCTCTGGATTCACTTTCAGTAACTATGTCATGTCTTGGGTTCGCCAGACTCCAGACAAGAGGCTGGAGTGGGTCGCAACCATTAATAGTGGTGGTCGTAACACCTACTATCCAGACAGTGTGAGGGGGCGATTCACCATCTCCAGAGACAATGCCAAGAACACCCTGTACCTACAAATGAGCAGTCTGAAGTCTGAGGACACAGCCATTTATTACTGTGTCTACAATAATTACGACGTAGGCTACTGGGGCCAAGGCACCACTCTCACAGTCTCCTCAG	P80_A1, P80_B1, P80_D1, P80_E1, P80_F1, P80_G1, P80_H1, P80_A2, P80_C2, P80_D2, P80_E2, P80_F2, P80_G2, P80_A3, P80_C3, P80_D3, P80_F3, P80_G3, P80_A4, P80_C4, P80_D4, P80_E4, P80_F4, P80_A5, P80_B5, P80_C5, P80_D5, P80_F5, P80_G5, P80_H5, P80_A6, P80_B6, P80_C6, P80_D6, P80_E6, P80_F6, P80_G6, P80_H6, P80_A7, P80_D7, P80_E7, P80_F7, P80_G7, P80_H7, P80_A8, P80_B8, P80_C8, P80_D8, P80_E8, P80_H8, P80_A9, P80_B9, P80_C9, P80_E9, P80_F9, P80_G9, P80_H9, P80_A10, P80_B10, P80_C10, P80_D10, P80_F10, P80_H10, P80_B11, P80_C11, P80_D11, P80_E11, P80_F11, P80_A12, P80_C12, P80_D12, P80_E12, P80_F12
P80_D7	TRIMMER0091_P80	52-SMARTindex	NA	HC	52-SMARTindex.HC1	635	98	648	Illumina	GGTCTCTCTACAGTTACTAGGCACACAGGATCTCACCATGAGATGGAGCTGTATCATCCTCTACTTGGTAGCAACAGCTACCGGTGTCAAGTCCCAGGTCCAACTGCAGCAGCCTGGGGCTGAGCTGGTGAAGCCTGGGGCTTCAGTGAAGATGTCCTGCAAGGCTTCCGGCTACACCTTCACCACCTACTGGATGCACTGGGTGAAGCAGAGGCCTGGACAAGGCCTTGAGTGGATCGGAGTAATTGATCCTTCTGATAGTTATACTAACTACAATCAAAAGTTCAAGGGCAAGGCCACATTGACTGTAGACACATCTTCTAACACAGCCTTCATACACCTCAGCAGCCTGACATCTGAGGACTCTGCGGTCTATTACTGTACAACTACGGTTGACCACTGGGGCCAAGGCACCACTCTCACAGTCTCCTCAG	P80_A1, P80_B1, P80_D1, P80_E1, P80_F1, P80_G1, P80_H1, P80_A2, P80_C2, P80_D2, P80_E2, P80_F2, P80_G2, P80_A3, P80_C3, P80_D3, P80_F3, P80_G3, P80_A4, P80_C4, P80_D4, P80_E4, P80_F4, P80_A5, P80_B5, P80_C5, P80_D5, P80_F5, P80_G5, P80_H5, P80_A6, P80_B6, P80_C6, P80_D6, P80_E6, P80_F6, P80_G6, P80_H6, P80_A7, P80_B7, P80_E7, P80_F7, P80_G7, P80_H7, P80_A8, P80_B8, P80_C8, P80_D8, P80_E8, P80_H8, P80_A9, P80_B9, P80_C9, P80_E9, P80_F9, P80_G9, P80_H9, P80_A10, P80_B10, P80_C10, P80_D10, P80_F10, P80_H10, P80_B11, P80_C11, P80_D11, P80_E11, P80_F11, P80_A12, P80_C12, P80_D12, P80_E12, P80_F12
P80_E7	TRIMMER0091_P80	53-SMARTindex	NA	HC	53-SMARTindex.HC1	107	96.4	111	Illumina	ATCATCTTCTCATAGAGCCTCCATCAGAGCATGGCTGTCCTGGCATTACTCTTCTGCCTGGTAACATTCCCAAGCTGTATCCTTTCCCAGGTACAGCTGAAGGAGTCAGGACCTGGCCTGGTGGCGCCCTCACAGAGCCTGTCCATCACATGCACCGTCTCAGGGTTCTCATTAACCGGCTATGGTTTAAACTGGGTTCGCCAGCCTCCAGGAAAGGGTCTGGAGTGGCTGGGAATGATATGGACTGATGGAAGCACAGACTATAATTCAGCTCTCAAATCCAGACTGAGCATCAGCAAGGACAACTCCAAGAGCCAGGTTTTCTTAAAGATGAACAGTCTTCAAACTGATGACACAGCCAGGTACTACTGTGCCAGAGATCGCTACGGCGGGTTTGCTTACTGGGGCCAAGGGACTCTGGTCACTGTCTCTGCAG	P80_A1, P80_B1, P80_D1, P80_E1, P80_F1, P80_G1, P80_H1, P80_A2, P80_C2, P80_D2, P80_E2, P80_F2, P80_G2, P80_A3, P80_C3, P80_D3, P80_F3, P80_G3, P80_A4, P80_C4, P80_D4, P80_E4, P80_F4, P80_A5, P80_B5, P80_C5, P80_D5, P80_F5, P80_G5, P80_H5, P80_A6, P80_B6, P80_C6, P80_D6, P80_E6, P80_F6, P80_G6, P80_H6, P80_A7, P80_B7, P80_D7, P80_F7, P80_G7, P80_H7, P80_A8, P80_B8, P80_C8, P80_D8, P80_E8, P80_H8, P80_A9, P80_B9, P80_C9, P80_E9, P80_F9, P80_G9, P80_H9, P80_A10, P80_B10, P80_C10, P80_D10, P80_F10, P80_H10, P80_B11, P80_C11, P80_D11, P80_E11, P80_F11, P80_A12, P80_C12, P80_D12, P80_E12, P80_F12
P80_F7	TRIMMER0091_P80	54-SMARTindex	NA	HC	54-SMARTindex.HC1	207	97.2	213	Illumina	AACATATGTCCAATGTCCTCTCCTCAGACACTGAACACACTGACTCTAACCATGGGATGGAGCTGGATCTTTCTCTTTCTCCTGTCAGGAACTGCAGGTGTCCTCTCTGAGGTCCAGCTGCAACAGTCTGGACCTGAACTGGTGAAGCCTGGGGCTTCAGTGAAGATATCCTGCAAGACTTCTGGATACAAATTCACTGAATACAACATACACTGGGTGAAGCAGAGCCATGGAAAGAGCCTTGAGTGGATTGGAGGTGTTAATCCTGACAATGGTGACACTCGTTACATCCAGAAGTTCATGGGCAAGGCCACATTGACTGTAGACAAGTCCTCCAGCACAGCCTACATGGAGCTCCGCAGCCTGACATCTGAGGATTCTGCAGTCTATTACTGTGCAAGACTTCGGGGATACCCTTACTGGGGCCAAGGGACTCTGGTCACTGTCTCTGCAG	P80_A1, P80_B1, P80_D1, P80_E1, P80_F1, P80_G1, P80_H1, P80_A2, P80_C2, P80_D2, P80_E2, P80_F2, P80_G2, P80_A3, P80_C3, P80_D3, P80_F3, P80_G3, P80_A4, P80_C4, P80_D4, P80_E4, P80_F4, P80_A5, P80_B5, P80_C5, P80_D5, P80_F5, P80_G5, P80_H5, P80_A6, P80_B6, P80_C6, P80_D6, P80_E6, P80_F6, P80_G6, P80_H6, P80_A7, P80_B7, P80_D7, P80_E7, P80_G7, P80_H7, P80_A8, P80_B8, P80_C8, P80_D8, P80_E8, P80_H8, P80_A9, P80_B9, P80_C9, P80_E9, P80_F9, P80_G9, P80_H9, P80_A10, P80_B10, P80_C10, P80_D10, P80_F10, P80_H10, P80_B11, P80_C11, P80_D11, P80_E11, P80_F11, P80_A12, P80_C12, P80_D12, P80_E12, P80_F12
P80_G7	TRIMMER0091_P80	55-SMARTindex	NA	HC	55-SMARTindex.HC1	398	98.3	405	Illumina	AAGGTCACTGTTCTCACTACAGTTACTGAGCACACAGACCTCACCATGGGATGGAGCTCTATCATCCTCTTCTTGGTAGCAACAGCCTCAGGTGTCCACTCCCAGGTCCAACTGCAGCAACCTGGGTCTGAGCTGGTGAGGCCTGGAGCTTCAGTGAAGCTGTCCTGCAAGGCTTCTGGCTACACATTCACCAGCTACTGGATACACTGGGTGAAGCAGAGGCCTGGACAAGGCCTTGAGTGGATTGGAAATGTTTATCCTGGTAGTGGTAGTACTAACTACGATGAGAAGTTCGAGAACAAGGCCACACTGACTGTAGACACATCCTCCAGCACAGCCTACATGCAGCTCATCAGCCTGACATCTGAGGACTCTGCGGTCTATTATTGTACAAGATCGGAGGATGGTTACCCCTGGTTTGCTTACTGGGGCCAAGGGACTCTGGTCACTGTCTCTGCAG	P80_A1, P80_B1, P80_D1, P80_E1, P80_F1, P80_G1, P80_H1, P80_A2, P80_C2, P80_D2, P80_E2, P80_F2, P80_G2, P80_A3, P80_C3, P80_D3, P80_F3, P80_G3, P80_A4, P80_C4, P80_D4, P80_E4, P80_F4, P80_A5, P80_B5, P80_C5, P80_D5, P80_F5, P80_G5, P80_H5, P80_A6, P80_B6, P80_C6, P80_D6, P80_E6, P80_F6, P80_G6, P80_H6, P80_A7, P80_B7, P80_D7, P80_E7, P80_F7, P80_H7, P80_A8, P80_B8, P80_C8, P80_D8, P80_E8, P80_H8, P80_A9, P80_B9, P80_C9, P80_E9, P80_F9, P80_G9, P80_H9, P80_A10, P80_B10, P80_C10, P80_D10, P80_F10, P80_H10, P80_B11, P80_C11, P80_D11, P80_E11, P80_F11, P80_A12, P80_C12, P80_D12, P80_E12, P80_F12
P80_H7	TRIMMER0091_P80	56-SMARTindex	NA	HC	56-SMARTindex.HC1	120	97.6	123	Illumina	ACAAGTGTGCAGACATGGACAGGCTTACTTCTTCATTCCTGCTGCTGATTGTCCCTGCATATGTCTTGTCCCAAGTTACTCTAAAAGAGTCTGGCCCTGGGATATTGAAGCCCTCACAGACCCTCAGTCTGACTTGTTCTTTCTCTGGGTTTTCACTGAGCACTTCTGGTATGGGTGTAGGCTGGATTCGTCAGCCTTCAGGGAAGGGTCTGGAGTGGCTGGCACACATTTGGTGGGATGATGCTAAGTATTATAATCCATCCCTGAAGAGCCAGCTCACAATCTCCAAGGATTCCTCCAGAAACCAGGTCTTCCTCGAGATCACCAGTGTGGACACTGCAGATACTGCCACTTATTACTGTGCTCGGGAAGGGGTCTACTCCTATGCTATGGACTACTGGGGTCAAGGAACCTCAGTCAACGTCTCCTCAG	P80_A1, P80_B1, P80_D1, P80_E1, P80_F1, P80_G1, P80_H1, P80_A2, P80_C2, P80_D2, P80_E2, P80_F2, P80_G2, P80_A3, P80_C3, P80_D3, P80_F3, P80_G3, P80_A4, P80_C4, P80_D4, P80_E4, P80_F4, P80_A5, P80_B5, P80_C5, P80_D5, P80_F5, P80_G5, P80_H5, P80_A6, P80_B6, P80_C6, P80_D6, P80_E6, P80_F6, P80_G6, P80_H6, P80_A7, P80_B7, P80_D7, P80_E7, P80_F7, P80_G7, P80_A8, P80_B8, P80_C8, P80_D8, P80_E8, P80_H8, P80_A9, P80_B9, P80_C9, P80_E9, P80_F9, P80_G9, P80_H9, P80_A10, P80_B10, P80_C10, P80_D10, P80_F10, P80_H10, P80_B11, P80_C11, P80_D11, P80_E11, P80_F11, P80_A12, P80_C12, P80_D12, P80_E12, P80_F12
P80_A8	TRIMMER0091_P80	57-SMARTindex	NA	HC	57-SMARTindex.HC1	265	99.3	267	Illumina	AGCTCTGACAGAGGAGGCCAGTCCTGGAATTGATTCCCAGTTCCTCACGTTCAGTGATGAGCAGTGAACACAGACCCCTCACCATGAACTTCGGGCTCAGATTGATTTTCCTTGTCCTTACTTTAAAAGGTGTCCAGTGTGACGTGAAACTGGTGGAGTCTGGGGGAGGCTTAGTGAAGCCTGGAGGGTCCCTGAAACTCTCCTGTGCAGCCTCTGGATTCACTTTCAGTAGCTATACCATGTCTTGGGTTCGCCAGACTCCGGAGAAGAGGCTGGAGTGGGTCGCAACCATTAGTAGTGGTGGTGGTTACACCTACTATCCAGACAGTGTGAAGGGCCGATTCACCATCTCCAGAGACAATGCCAAGAACACCCTGTACCTGCAAATGAGCAGTCTGAAGTCTGAGGACACAGCCATGTATTACTGTACAAGAGATCAGGCTGGGACTGGGGCTATGGACTACTGGGGTCAAGGAACCTCAGTCACCGTCTCCTCAG	P80_A1, P80_B1, P80_D1, P80_E1, P80_F1, P80_G1, P80_H1, P80_A2, P80_C2, P80_D2, P80_E2, P80_F2, P80_G2, P80_A3, P80_C3, P80_D3, P80_F3, P80_G3, P80_A4, P80_C4, P80_D4, P80_E4, P80_F4, P80_A5, P80_B5, P80_C5, P80_D5, P80_F5, P80_G5, P80_H5, P80_A6, P80_B6, P80_C6, P80_D6, P80_E6, P80_F6, P80_G6, P80_H6, P80_A7, P80_B7, P80_D7, P80_E7, P80_F7, P80_G7, P80_H7, P80_B8, P80_C8, P80_D8, P80_E8, P80_H8, P80_A9, P80_B9, P80_C9, P80_E9, P80_F9, P80_G9, P80_H9, P80_A10, P80_B10, P80_C10, P80_D10, P80_F10, P80_H10, P80_B11, P80_C11, P80_D11, P80_E11, P80_F11, P80_A12, P80_C12, P80_D12, P80_E12, P80_F12
P80_B8	TRIMMER0091_P80	58-SMARTindex	NA	HC	58-SMARTindex.HC1	317	96.4	329	Illumina	AAGGGAGTGACCAGTTAGTCTTAAGGCACCACTGAGCCCAAGTCTTAGACATCATGGCTTGGGTGTGGACCTTGCTATTCCTGATGGCAGCTGCCCAAAGTATCCAAGGACAGATCCAGTTGGTGCAGTCTGGACCTGAGCTGAAGAAGCCTGGAGAGACAGTCAAGATCTCCTGCAAGGCTTTTGATTATACCTTCACACGCTATTCAATGCACTGGGTGAAACAGGCTCCAGGAAAGGGTTTAAAGTGGATGGGCTGGCTGAACACTGCGACTGGTGAGCCATCATATGCAGATGACTTCAAGGGACGGTTTGCCTTCTCTTTGGAAGCCTCTGCCAGCACTGCCTTTTTGCAGATCAACATCCTAAAAAATGAGGACACGGCTACATATTTCTGTACTCGAAATTCTCACTTTGACTACTGGGGCCAAGGCACCACTCTCACAGTCTCCTCAG	P80_A1, P80_B1, P80_D1, P80_E1, P80_F1, P80_G1, P80_H1, P80_A2, P80_C2, P80_D2, P80_E2, P80_F2, P80_G2, P80_A3, P80_C3, P80_D3, P80_F3, P80_G3, P80_A4, P80_C4, P80_D4, P80_E4, P80_F4, P80_A5, P80_B5, P80_C5, P80_D5, P80_F5, P80_G5, P80_H5, P80_A6, P80_B6, P80_C6, P80_D6, P80_E6, P80_F6, P80_G6, P80_H6, P80_A7, P80_B7, P80_D7, P80_E7, P80_F7, P80_G7, P80_H7, P80_A8, P80_C8, P80_D8, P80_E8, P80_H8, P80_A9, P80_B9, P80_C9, P80_E9, P80_F9, P80_G9, P80_H9, P80_A10, P80_B10, P80_C10, P80_D10, P80_F10, P80_H10, P80_B11, P80_C11, P80_D11, P80_E11, P80_F11, P80_A12, P80_C12, P80_D12, P80_E12, P80_F12
P80_C8	TRIMMER0091_P80	59-SMARTindex	NA	HC	59-SMARTindex.HC1	151	95	159	Illumina	ACATCGCTCTCACTGGGGGCTGATCTCTGAAGATAAGGAGGTGGAGCCTAAAAGATGAGAGTGCTGATTCTTTTGTGGCTGTTCACAGCCTTTCCTGGTATCCTGTCTGATGTGCAGCTTCAGGAGTCGGGACCTGGCCTGGTGAAGCCTTCTCAGTCTCTGTCCCTCACCTGCACTGTCACTGGCAACTCAATCACCCGTGATTATGCCTGGAACTGGATCCGGCAGTTTCCAGGAAACAAACTGGAGTGGATGGGCTACATAAGCCACAGTGGTAGGACTGGATACAACCCATCTCTCAAAAGTCGAATCTCTATCACTCGAGACACATCCAAGAACCAGTTCTTCCTGGACTTGAATTCTGTGACTACTGAAGACACAGCCAGATATTACTGTGCAAGATGGGACTACTGGGGCCAAGGCACCACTGTCACAGTCTCCTCAG	P80_A1, P80_B1, P80_D1, P80_E1, P80_F1, P80_G1, P80_H1, P80_A2, P80_C2, P80_D2, P80_E2, P80_F2, P80_G2, P80_A3, P80_C3, P80_D3, P80_F3, P80_G3, P80_A4, P80_C4, P80_D4, P80_E4, P80_F4, P80_A5, P80_B5, P80_C5, P80_D5, P80_F5, P80_G5, P80_H5, P80_A6, P80_B6, P80_C6, P80_D6, P80_E6, P80_F6, P80_G6, P80_H6, P80_A7, P80_B7, P80_D7, P80_E7, P80_F7, P80_G7, P80_H7, P80_A8, P80_B8, P80_D8, P80_E8, P80_H8, P80_A9, P80_B9, P80_C9, P80_E9, P80_F9, P80_G9, P80_H9, P80_A10, P80_B10, P80_C10, P80_D10, P80_F10, P80_H10, P80_B11, P80_C11, P80_D11, P80_E11, P80_F11, P80_A12, P80_C12, P80_D12, P80_E12, P80_F12
P80_D8	TRIMMER0091_P80	60-SMARTindex	NA	HC	60-SMARTindex.HC1	65	98.5	66	Illumina	AACATATGTCCAATGTCCTCTCCACAGACACTGAACACACTGACTCCAACTATGGGATGGAGCTGGATCTTTCTCTTTCTCCTGTCAGGAACTGCAGGTGTCCTCTCTGAGGTCCAGCTGCAACAGTCCGGACCTGAACTGGTGAAGCCTGGGGCTTCAGTGAGGATGTCCTGCAAGGCTTCTGGATACACATTCAGTGACTACTACATGAATTGGGTGAAGGAGAGCCATGGAAAGAGCCTTGAGTGGATTGGATGTTTTAATCCTAGCAATGGTGGTACTGCCTACAACCAAAAATTCAAGGGCAAGGCCACATTGACTGTAGACAAGTCCTCCACCACAGCCTACATGGAACTCCGCAGCCTGACATCTGAGGATTCTGCAGTCTATTACTGTGCCCCCTCCTTTGCTTATTGGGGCCAAGGAACTCTGGTCACTGTCTCTGCAG	P80_A1, P80_B1, P80_D1, P80_E1, P80_F1, P80_G1, P80_H1, P80_A2, P80_C2, P80_D2, P80_E2, P80_F2, P80_G2, P80_A3, P80_C3, P80_D3, P80_F3, P80_G3, P80_A4, P80_C4, P80_D4, P80_E4, P80_F4, P80_A5, P80_B5, P80_C5, P80_D5, P80_F5, P80_G5, P80_H5, P80_A6, P80_B6, P80_C6, P80_D6, P80_E6, P80_F6, P80_G6, P80_H6, P80_A7, P80_B7, P80_D7, P80_E7, P80_F7, P80_G7, P80_H7, P80_A8, P80_B8, P80_C8, P80_E8, P80_H8, P80_A9, P80_B9, P80_C9, P80_E9, P80_F9, P80_G9, P80_H9, P80_A10, P80_B10, P80_C10, P80_D10, P80_F10, P80_H10, P80_B11, P80_C11, P80_D11, P80_E11, P80_F11, P80_A12, P80_C12, P80_D12, P80_E12, P80_F12
P80_E8	TRIMMER0091_P80	61-SMARTindex	NA	HC	61-SMARTindex.HC1	80	98.8	81	Illumina	ATCATCTTCTCATAGAGCCTCCATCAGAGCATGGCTGTCCTGGCATTACTCTTCTGCCTGGTAACATTCCCAAGCTGTATCCTTTCCCAGGTACAGCTGAAGGAGTCAGGACCTGGCCTGGTGGCGCCCTCACAGAGCCTGTCCATCACATGCACCGTCTCAGGGTTCTCATTAACCGGCTATGGTTTAAACTGGGTTCGCCAGCCTCCAGGAAAGGGTCTGGAGTGGCTGGGAATGATATGGACTGATGGAAGCACAGACTATAATTCAGCTCTCAAATCCAGACTGAGCATCAGCAAGGACAACTCCAAGAGCCAGGTTTTCTTAAAGATGAACAGTCTTCAAACTGATGACACAGCCAGGTACTACTGTGCCAGAGATCGCTACGGCGGGTTTGCTTACTGGGGCCAAGGGACTCTGGTCACTGTCTCTGCAG	P80_A1, P80_B1, P80_D1, P80_E1, P80_F1, P80_G1, P80_H1, P80_A2, P80_C2, P80_D2, P80_E2, P80_F2, P80_G2, P80_A3, P80_C3, P80_D3, P80_F3, P80_G3, P80_A4, P80_C4, P80_D4, P80_E4, P80_F4, P80_A5, P80_B5, P80_C5, P80_D5, P80_F5, P80_G5, P80_H5, P80_A6, P80_B6, P80_C6, P80_D6, P80_E6, P80_F6, P80_G6, P80_H6, P80_A7, P80_B7, P80_D7, P80_E7, P80_F7, P80_G7, P80_H7, P80_A8, P80_B8, P80_C8, P80_D8, P80_H8, P80_A9, P80_B9, P80_C9, P80_E9, P80_F9, P80_G9, P80_H9, P80_A10, P80_B10, P80_C10, P80_D10, P80_F10, P80_H10, P80_B11, P80_C11, P80_D11, P80_E11, P80_F11, P80_A12, P80_C12, P80_D12, P80_E12, P80_F12
P80_H8	TRIMMER0091_P80	64-SMARTindex	NA	HC	64-SMARTindex.HC1	369	97.6	378	Illumina	AAGCGAGTGACCAGTTAGTCTTAAGGCACCACTTCTTAGACATCATGGCTTGGGTGTGGACCTTGCTATTCCTGATGGCAGCTGCCCAAAGTGCCCAAGCACAGATCCAGTTGGTGCAGTCTGGACCTGAGCTGAAGAAGCCTGGAGAGACAGTCAAGATCTCCTGCAAGGCTTCTGGGTATACCTTCACAAACTCTGGAATGAACTGGGTGAAGCAGGCTCCAGGAAAGGCTTTAAAGTGGATGGGCTGGATAAACACTTACACTGGAGAGTCAACATATGCTGATGACTTCAAGGGACATTTTGCCTTCTCTTTGGAAACCTCTGCCAGCACTGCCTATTTGCAGATCAACAACCTCAAAAATGAGGACACGGCTACATATTTCTGTGCAAGAGAAGCCTTTATTACTACGGTAGTAGAGGACTGGTTTGCTTACTGGGGCCAAGGGACTCTGGTCACTGTCTCTGCAG	P80_A1, P80_B1, P80_D1, P80_E1, P80_F1, P80_G1, P80_H1, P80_A2, P80_C2, P80_D2, P80_E2, P80_F2, P80_G2, P80_A3, P80_C3, P80_D3, P80_F3, P80_G3, P80_A4, P80_C4, P80_D4, P80_E4, P80_F4, P80_A5, P80_B5, P80_C5, P80_D5, P80_F5, P80_G5, P80_H5, P80_A6, P80_B6, P80_C6, P80_D6, P80_E6, P80_F6, P80_G6, P80_H6, P80_A7, P80_B7, P80_D7, P80_E7, P80_F7, P80_G7, P80_H7, P80_A8, P80_B8, P80_C8, P80_D8, P80_E8, P80_A9, P80_B9, P80_C9, P80_E9, P80_F9, P80_G9, P80_H9, P80_A10, P80_B10, P80_C10, P80_D10, P80_F10, P80_H10, P80_B11, P80_C11, P80_D11, P80_E11, P80_F11, P80_A12, P80_C12, P80_D12, P80_E12, P80_F12
P80_A9	TRIMMER0091_P80	65-SMARTindex	NA	HC	65-SMARTindex.HC1	49	96.1	51	Illumina	ACATCGCTCTCACTGGAGGCTGATCTCTGAAGATAAGGAGGTGTAGCCTAAAAGATGAGAGTGCTGATTCTTTTGTGGCTGTTCACAGCCTTTCCTGGTATCCTGTCTGATGTGCAGCTTCAGGAGTCGGGACCTGGCCTGGTGAAACCTTCTCAGTCTCTGTCCCTCACCTGCACTGTCACTGGCTTCTCAATCACCAGTGATTATGGCTGGCACTGGATCCGGCAGTTTCCAGGAAACAAACTGGATTGGATGGGCTACATAAGCTACAGTGGTATCACTGATTACAACCCATCTCTTAAAAGTCGAATCTCTATCACTCGAGACACATCCAAAAACCAGTTCTTCCTGCAGTTGAGGTCTGTGACCATTGAGGACACAGCCACATATTACTGTTCAAGACTGGACTACTGGGGCCAAGGCACCACTCTCACAGTCTCCTCAG	P80_A1, P80_B1, P80_D1, P80_E1, P80_F1, P80_G1, P80_H1, P80_A2, P80_C2, P80_D2, P80_E2, P80_F2, P80_G2, P80_A3, P80_C3, P80_D3, P80_F3, P80_G3, P80_A4, P80_C4, P80_D4, P80_E4, P80_F4, P80_A5, P80_B5, P80_C5, P80_D5, P80_F5, P80_G5, P80_H5, P80_A6, P80_B6, P80_C6, P80_D6, P80_E6, P80_F6, P80_G6, P80_H6, P80_A7, P80_B7, P80_D7, P80_E7, P80_F7, P80_G7, P80_H7, P80_A8, P80_B8, P80_C8, P80_D8, P80_E8, P80_H8, P80_B9, P80_C9, P80_E9, P80_F9, P80_G9, P80_H9, P80_A10, P80_B10, P80_C10, P80_D10, P80_F10, P80_H10, P80_B11, P80_C11, P80_D11, P80_E11, P80_F11, P80_A12, P80_C12, P80_D12, P80_E12, P80_F12
P80_B9	TRIMMER0091_P80	66-SMARTindex	NA	HC	66-SMARTindex.HC1	200	99.5	201	Illumina	ACAGTCATTGAAAACACTGACTCTAATCATGGAATGTAACTGGATACTTCCTTTTTTTCTGTCGGTGATTTCAGGGGTCTACTCAGAGGTTCAACTCCAGCAGTCTGGGACTGTGCTGGCAAGGCCTGGGGCTTCCGTGAAGATGTCCTGCAAGGCTTCTGGCTACAGCTTTACCAGTTACTGGATGTACTGGGTAAAACAGAGGCCTGGACAGGGTCTAGAATGGATTGGTGCTATTTATCCTGGAAATAGTGATACTACCTACAACCAGAAGTTCAAGGGCAAGGCCAAACTGACTGCAGTCACATCCGCCAGCACTGCCTACATGGAGCTCAGCTACCTGACAAATGAGGACTCTGCGGTCTATTACTGCACAAGTCATTACTACGGTAGTGGGTACTTCGATGTCTGGGGCGCAGGGACCGCGGTCACCGTCTCCTCAG	P80_A1, P80_B1, P80_D1, P80_E1, P80_F1, P80_G1, P80_H1, P80_A2, P80_C2, P80_D2, P80_E2, P80_F2, P80_G2, P80_A3, P80_C3, P80_D3, P80_F3, P80_G3, P80_A4, P80_C4, P80_D4, P80_E4, P80_F4, P80_A5, P80_B5, P80_C5, P80_D5, P80_F5, P80_G5, P80_H5, P80_A6, P80_B6, P80_C6, P80_D6, P80_E6, P80_F6, P80_G6, P80_H6, P80_A7, P80_B7, P80_D7, P80_E7, P80_F7, P80_G7, P80_H7, P80_A8, P80_B8, P80_C8, P80_D8, P80_E8, P80_H8, P80_A9, P80_C9, P80_E9, P80_F9, P80_G9, P80_H9, P80_A10, P80_B10, P80_C10, P80_D10, P80_F10, P80_H10, P80_B11, P80_C11, P80_D11, P80_E11, P80_F11, P80_A12, P80_C12, P80_D12, P80_E12, P80_F12
P80_C9	TRIMMER0091_P80	67-SMARTindex	NA	HC	67-SMARTindex.HC1	95	97.9	97	Illumina	ACATCGCTCTCACTGGGGGCTGATCTCTGAAGATAAGGAGGTGGAGCCTAAAAGATGAGAGTGCTGATTCTTTTGTGGCTGTTCACAGCCTTTCCTGGTATCCTGTCTGATGTGCAGCTTCAGGAGTCGGGACCTGGCCTGGTGAAGCCTTCTCAGTCTCTGTCCCTCACCTGCACTGTCACTGGCAACTCAATCACCCGTGATTATGCCTGGAACTGGATCCGGCAGTTTCCAGGAAACAAACTGGAGTGGATGGGCTACATAAGCCACAGTGGTAGGACTGGATACAACCCATCTCTCAAAAGTCGAATCTCTATCACTCGAGACACATCCAAGAACCAGTTCTTCCTGGACTTGAATTCTGTGACTACTGAAGACACAGCCAGATATTACTGTGCAAGATGGGACTACTGGGGCCAAGGCACCACTGTCACAGTCTCCTCAG	P80_A1, P80_B1, P80_D1, P80_E1, P80_F1, P80_G1, P80_H1, P80_A2, P80_C2, P80_D2, P80_E2, P80_F2, P80_G2, P80_A3, P80_C3, P80_D3, P80_F3, P80_G3, P80_A4, P80_C4, P80_D4, P80_E4, P80_F4, P80_A5, P80_B5, P80_C5, P80_D5, P80_F5, P80_G5, P80_H5, P80_A6, P80_B6, P80_C6, P80_D6, P80_E6, P80_F6, P80_G6, P80_H6, P80_A7, P80_B7, P80_D7, P80_E7, P80_F7, P80_G7, P80_H7, P80_A8, P80_B8, P80_C8, P80_D8, P80_E8, P80_H8, P80_A9, P80_B9, P80_E9, P80_F9, P80_G9, P80_H9, P80_A10, P80_B10, P80_C10, P80_D10, P80_F10, P80_H10, P80_B11, P80_C11, P80_D11, P80_E11, P80_F11, P80_A12, P80_C12, P80_D12, P80_E12, P80_F12
P80_E9	TRIMMER0091_P80	69-SMARTindex	NA	HC	69-SMARTindex.HC1	527	99.8	528	Illumina	AGCTCTGACAGAGGAGGCCTGTCCTGGATTCGATTCCCAGTTCCTCACATTCAGTGATCAGCACTGAACACAGACCCCTCACCATGAACTTCGGGCTCAGATTGATTTTCCTTGTCCTTGTTTTAAAAGGTGTCCTGTGTGACGTGAAGCTCGTGGAGTCTGGGGGACACTTAGTGAACCTTGGAGGGTCCCTGAAACTCTCCTGTGCAGCCTCTGGATTCACTTTCAGTAGCTATTACATGTCTTGGGTTCGCCAGACTCCAGAGAAGAGGCTGGAGTTGGTCGCAGCCATTAATAGTAATGGTGGTAGCACCTACTATCCAGACACTGTGAAGGGCCGATTCACCATCTCCAGAGACAATGCCAGGAACACCCTGTACCTACACATGACCAGTCTGAAGTCTGAGGACACAGCCTTGTATTACTGTGCAAAGACGGGGGGTAGTATCTACCGCTACTGGTACTTCGATGTCTGGGGCGCAGGGACCACGGTCACCGTCTCCTCAGCT	P80_A1, P80_B1, P80_D1, P80_E1, P80_F1, P80_G1, P80_H1, P80_A2, P80_C2, P80_D2, P80_E2, P80_F2, P80_G2, P80_A3, P80_C3, P80_D3, P80_F3, P80_G3, P80_A4, P80_C4, P80_D4, P80_E4, P80_F4, P80_A5, P80_B5, P80_C5, P80_D5, P80_F5, P80_G5, P80_H5, P80_A6, P80_B6, P80_C6, P80_D6, P80_E6, P80_F6, P80_G6, P80_H6, P80_A7, P80_B7, P80_D7, P80_E7, P80_F7, P80_G7, P80_H7, P80_A8, P80_B8, P80_C8, P80_D8, P80_E8, P80_H8, P80_A9, P80_B9, P80_C9, P80_F9, P80_G9, P80_H9, P80_A10, P80_B10, P80_C10, P80_D10, P80_F10, P80_H10, P80_B11, P80_C11, P80_D11, P80_E11, P80_F11, P80_A12, P80_C12, P80_D12, P80_E12, P80_F12
P80_F9	TRIMMER0091_P80	70-SMARTindex	NA	HC	70-SMARTindex.HC1	99	86.8	114	Illumina	AAAACATGAGATCACAGTTCTCTATACAGTTACTGAGCACACAGAACCTCACCTTGGGATGGAGCTGTATCATCCTCTTCTTGGTAGCAACAGCTACAGGTGTCCACTCCCAGGTCCAACTGCAGCAGCCTGGGGCTGAACTGGTGAAGCCTGGGACTTCAGTGAAGATGTCCTGCAAGGCTTCTGGCTACACCTTCACCAGCTACTGGATGCACTGGGTGAAGCAGAGGCCGGGACAAGGCCTTGAGTGGATTGGAGATATTTATCCTGGTAGTGATAGTACTAATTACAATGAGAAGTTCAAGAACAAGGCCACACTGACTGTAGACACATCCTCCAGCACAGCCTACATGCAACTCAGCAGCCTGACATCTGAGGACTCTGCGGTCTATTACTGTGCAATTCTATGGTTACGACGAGGGACGGGGGTTGCTTACTGGGGCCAAGGGACTCTGGTCACTGTCTCTGCAG	P80_A1, P80_B1, P80_D1, P80_E1, P80_F1, P80_G1, P80_H1, P80_A2, P80_C2, P80_D2, P80_E2, P80_F2, P80_G2, P80_A3, P80_C3, P80_D3, P80_F3, P80_G3, P80_A4, P80_C4, P80_D4, P80_E4, P80_F4, P80_A5, P80_B5, P80_C5, P80_D5, P80_F5, P80_G5, P80_H5, P80_A6, P80_B6, P80_C6, P80_D6, P80_E6, P80_F6, P80_G6, P80_H6, P80_A7, P80_B7, P80_D7, P80_E7, P80_F7, P80_G7, P80_H7, P80_A8, P80_B8, P80_C8, P80_D8, P80_E8, P80_H8, P80_A9, P80_B9, P80_C9, P80_E9, P80_G9, P80_H9, P80_A10, P80_B10, P80_C10, P80_D10, P80_F10, P80_H10, P80_B11, P80_C11, P80_D11, P80_E11, P80_F11, P80_A12, P80_C12, P80_D12, P80_E12, P80_F12
P80_F9	TRIMMER0091_P80	70-SMARTindex	NA	HC	70-SMARTindex.HC1	13	11.4	114	Illumina	ATCATCTTCTCATAGAGCCTCCATCAGAGCATGGCTGTCCTGGCATTACTCTTCTGCCTGGTAACATTCCCAAGCTGTATCCTTTCCCAGGTGCAGCTGAAGGAGTCAGGACCTGGCCTGGTGGCGCCCTCACAGAGCCTGTCCATCACATGCACCGTCTCAGGATTCTCATTACCCGGCTATGGTGTAAACTGGGTTCGCCAGCCTCCAGGAAAGGGTCTGGAGTGGCTGGGAATGATATGGGGTGATGGAGGCACAGACTATAATTCAGCTCTCAAATCCAGACTGAGCATCACCAAGGACAACTCCAAGAGCCAAGTTTTCTTAAAAATGAACAGTCTGCAAACTGATGACACAGCCAGGTACTTCTGTGCCAGAGATCTAGGTGGGACAGAATACTTCGATGTCTGGGGCGCAGGGACCACGGTCACCGTCTCCTCAG	P80_A1, P80_B1, P80_D1, P80_E1, P80_F1, P80_G1, P80_H1, P80_A2, P80_C2, P80_D2, P80_E2, P80_F2, P80_G2, P80_A3, P80_C3, P80_D3, P80_F3, P80_G3, P80_A4, P80_C4, P80_D4, P80_E4, P80_F4, P80_A5, P80_B5, P80_C5, P80_D5, P80_F5, P80_G5, P80_H5, P80_A6, P80_B6, P80_C6, P80_D6, P80_E6, P80_F6, P80_G6, P80_H6, P80_A7, P80_B7, P80_D7, P80_E7, P80_F7, P80_G7, P80_H7, P80_A8, P80_B8, P80_C8, P80_D8, P80_E8, P80_H8, P80_A9, P80_B9, P80_C9, P80_E9, P80_G9, P80_H9, P80_A10, P80_B10, P80_C10, P80_D10, P80_F10, P80_H10, P80_B11, P80_C11, P80_D11, P80_E11, P80_F11, P80_A12, P80_C12, P80_D12, P80_E12, P80_F12
P80_G9	TRIMMER0091_P80	71-SMARTindex	NA	HC	71-SMARTindex.HC1	169	97.7	173	Illumina	AACATATGTCCAATGTCCTCTCCTCAGACACTGAACACACTGACTCTAACCATGGGATGGAGCTGGATCTTTCTCTTTCTCCTGTCAGGAACTGCAGGTGTCCTCTCTGAGGTCCAGCTGCAACAGTCTGGACCTGAACTGGTGAAGCCTGGGGCTTCAGTGAAGATATCCTGCAAGACTTCTGGATACAAATTCACTGAATACAACATACACTGGGTGAAGCAGAGCCATGGAAAGAGCCTTGAGTGGATTGGAGGTGTTAATCCTGACAATGGTGACACTCGTTACATCCAGAAGTTCATGGGCAAGGCCACATTGACTGTAGACAAGTCCTCCAGCACAGCCTACATGGAGCTCCGCAGCCTGACATCTGAGGATTCTGCAGTCTATTACTGTGCAAGACTTCGGGGATACCCTTACTGGGGCCAAGGGACTCTGGTCACTGTCTCTGCAG	P80_A1, P80_B1, P80_D1, P80_E1, P80_F1, P80_G1, P80_H1, P80_A2, P80_C2, P80_D2, P80_E2, P80_F2, P80_G2, P80_A3, P80_C3, P80_D3, P80_F3, P80_G3, P80_A4, P80_C4, P80_D4, P80_E4, P80_F4, P80_A5, P80_B5, P80_C5, P80_D5, P80_F5, P80_G5, P80_H5, P80_A6, P80_B6, P80_C6, P80_D6, P80_E6, P80_F6, P80_G6, P80_H6, P80_A7, P80_B7, P80_D7, P80_E7, P80_F7, P80_G7, P80_H7, P80_A8, P80_B8, P80_C8, P80_D8, P80_E8, P80_H8, P80_A9, P80_B9, P80_C9, P80_E9, P80_F9, P80_H9, P80_A10, P80_B10, P80_C10, P80_D10, P80_F10, P80_H10, P80_B11, P80_C11, P80_D11, P80_E11, P80_F11, P80_A12, P80_C12, P80_D12, P80_E12, P80_F12
P80_H9	TRIMMER0091_P80	72-SMARTindex	NA	HC	72-SMARTindex.HC1	163	99.4	164	Illumina	GACATAGAGGCACCTAACTCTGGACTCACAAGTCTTTCCCTTCAGTGACCAAAAGTGACACAGATCATTCATCATGTACTTGGGACTGAGCTGTGTATTCATTGTTTTTCTCTTAAAAGGTGTCCGGTGTGAGGTGAAGCTGGATGAGACTGGAGGAGGCTTGGTGCAACCTGGGAGGCCCATGAAACTCTCCTGTGTTGCCTCTGGATTCACTTTTAGTGACTACTGGATGAACTGGGTCCGCCACTCTCCAGAGACAGGACTGGAGTGGGTAGCACAAATTAGAAACAAACCTTATAATTATGAAACATATTATTCAGATTCTGTGAAAGGCAGATTCACCATCTCAAGAGATGATTCCAAAAGTAGTGTCTACCTGCAAATGAACAACTTAAGAACTGAAGACATGGGTATCTATTACTGTACTTGTAACTTTGCTTACTGGGGCCAAGGGACTCTGGTCACTGTCTCTGCAG	P80_A1, P80_B1, P80_D1, P80_E1, P80_F1, P80_G1, P80_H1, P80_A2, P80_C2, P80_D2, P80_E2, P80_F2, P80_G2, P80_A3, P80_C3, P80_D3, P80_F3, P80_G3, P80_A4, P80_C4, P80_D4, P80_E4, P80_F4, P80_A5, P80_B5, P80_C5, P80_D5, P80_F5, P80_G5, P80_H5, P80_A6, P80_B6, P80_C6, P80_D6, P80_E6, P80_F6, P80_G6, P80_H6, P80_A7, P80_B7, P80_D7, P80_E7, P80_F7, P80_G7, P80_H7, P80_A8, P80_B8, P80_C8, P80_D8, P80_E8, P80_H8, P80_A9, P80_B9, P80_C9, P80_E9, P80_F9, P80_G9, P80_A10, P80_B10, P80_C10, P80_D10, P80_F10, P80_H10, P80_B11, P80_C11, P80_D11, P80_E11, P80_F11, P80_A12, P80_C12, P80_D12, P80_E12, P80_F12
P80_A10	TRIMMER0091_P80	73-SMARTindex	NA	HC	73-SMARTindex.HC1	118	91.5	129	Illumina	ACATCGCTCTCACTGGAGGCTGATCTCTGAAGATAAGGAGGTGTAGCCTAAAAGATGAGAGTGCTGATTCTTTTGTGGCTGTTCACAGCCTTTCCTGGTATCCTGTCTGATGTGCAGCTTCAGGAGTCGGGACCTGGCCTGGTGAAACCTTCTCAGTCTCTGTCCCTCACCTGCACTGTCACTGGCTTCTCAATCACCAGTGATTATGGCTGGCACTGGATCCGGCAGTTTCCAGGAAACAAACTGGATTGGATGGGCTACATAAGCTACAGTGGTATCACTGATTACAACCCATCTCTTAAAAGTCGAATCTCTATCACTCGAGACACATCCAAAAACCAGTTCTTCCTGCAGTTGAGGTCTGTGACCATTGAGGACACAGCCACATATTACTGTTCAAGACTGGACTACTGGGGCCAAGGCACCACTCTCACAGTCTCCTCAG	P80_A1, P80_B1, P80_D1, P80_E1, P80_F1, P80_G1, P80_H1, P80_A2, P80_C2, P80_D2, P80_E2, P80_F2, P80_G2, P80_A3, P80_C3, P80_D3, P80_F3, P80_G3, P80_A4, P80_C4, P80_D4, P80_E4, P80_F4, P80_A5, P80_B5, P80_C5, P80_D5, P80_F5, P80_G5, P80_H5, P80_A6, P80_B6, P80_C6, P80_D6, P80_E6, P80_F6, P80_G6, P80_H6, P80_A7, P80_B7, P80_D7, P80_E7, P80_F7, P80_G7, P80_H7, P80_A8, P80_B8, P80_C8, P80_D8, P80_E8, P80_H8, P80_A9, P80_B9, P80_C9, P80_E9, P80_F9, P80_G9, P80_H9, P80_B10, P80_C10, P80_D10, P80_F10, P80_H10, P80_B11, P80_C11, P80_D11, P80_E11, P80_F11, P80_A12, P80_C12, P80_D12, P80_E12, P80_F12
P80_B10	TRIMMER0091_P80	74-SMARTindex	NA	HC	74-SMARTindex.HC1	387	98.2	394	Illumina	ACAGTCATTGAAAACACTGACTCTAATCATGGAATGTAACTGGATACTTCCTTTTTTTCTGTCGGTGATTTCAGGGGTCTACTCAGAGGTTCAACTCCAGCAGTCTGGGACTGTGCTGGCAAGGCCTGGGGCTTCCGTGAAGATGTCCTGCAAGGCTTCTGGCTACAGCTTTACCAGTTACTGGATGTACTGGGTAAAACAGAGGCCTGGACAGGGTCTAGAATGGATTGGTGCTATTTATCCTGGAAATAGTGATACTACCTACAACCAGAAGTTCAAGGGCAAGGCCAAACTGACTGCAGTCACATCCGCCAGCACTGCCTACATGGAGCTCAGCTACCTGACAAATGAGGACTCTGCGGTCTATTACTGCACAAGTCATTACTACGGTAGTGGGTACTTCGATGTCTGGGGCGCAGGGACCGCGGTCACCGTCTCCTCAG	P80_A1, P80_B1, P80_D1, P80_E1, P80_F1, P80_G1, P80_H1, P80_A2, P80_C2, P80_D2, P80_E2, P80_F2, P80_G2, P80_A3, P80_C3, P80_D3, P80_F3, P80_G3, P80_A4, P80_C4, P80_D4, P80_E4, P80_F4, P80_A5, P80_B5, P80_C5, P80_D5, P80_F5, P80_G5, P80_H5, P80_A6, P80_B6, P80_C6, P80_D6, P80_E6, P80_F6, P80_G6, P80_H6, P80_A7, P80_B7, P80_D7, P80_E7, P80_F7, P80_G7, P80_H7, P80_A8, P80_B8, P80_C8, P80_D8, P80_E8, P80_H8, P80_A9, P80_B9, P80_C9, P80_E9, P80_F9, P80_G9, P80_H9, P80_A10, P80_C10, P80_D10, P80_F10, P80_H10, P80_B11, P80_C11, P80_D11, P80_E11, P80_F11, P80_A12, P80_C12, P80_D12, P80_E12, P80_F12
P80_C10	TRIMMER0091_P80	75-SMARTindex	NA	HC	75-SMARTindex.HC1	474	96.9	489	Illumina	AAACAACATATGTCCAAAGTCCTCTCCTCAGACACTGAACACACTGACTCTAACCATGGGATGGAGCTGGATCTTTCTCTTTCTCCTGTCAGGAACTGCAGGTGTCCTCTCTGAGGTCCAGCTGCGACAGTCTGGACCTGAGCTGGTGAAGCCTGGGACTTCAGTGAAGATGTCCTGCAAGACTTCTGGATTCACATTCACTGAATATACCATACACTGGGTGAAGCAGAGCCATGGAAAGAGCCTTGAGTGGATTGGGGGTATCTATCCTAAAAATGGTGATACTGGCTACAGCCAGAGGTTCAAGGACAAGGCCACATTGACTGTAGACACGTCCTCCAGTACAGCCTACATGGAGCTCCGCAGCCTGACATCTGAGGATTCTGCAGTCTATTATTGTGCAAGAGACAAAGCGGACTACTTTGACCACTGGGGCCAAGGCATCACTCTCACTGTCTCCTCAG	P80_A1, P80_B1, P80_D1, P80_E1, P80_F1, P80_G1, P80_H1, P80_A2, P80_C2, P80_D2, P80_E2, P80_F2, P80_G2, P80_A3, P80_C3, P80_D3, P80_F3, P80_G3, P80_A4, P80_C4, P80_D4, P80_E4, P80_F4, P80_A5, P80_B5, P80_C5, P80_D5, P80_F5, P80_G5, P80_H5, P80_A6, P80_B6, P80_C6, P80_D6, P80_E6, P80_F6, P80_G6, P80_H6, P80_A7, P80_B7, P80_D7, P80_E7, P80_F7, P80_G7, P80_H7, P80_A8, P80_B8, P80_C8, P80_D8, P80_E8, P80_H8, P80_A9, P80_B9, P80_C9, P80_E9, P80_F9, P80_G9, P80_H9, P80_A10, P80_B10, P80_D10, P80_F10, P80_H10, P80_B11, P80_C11, P80_D11, P80_E11, P80_F11, P80_A12, P80_C12, P80_D12, P80_E12, P80_F12
P80_D10	TRIMMER0091_P80	76-SMARTindex	NA	HC	76-SMARTindex.HC1	138	99.3	139	Illumina	AAACATAAGGTCATTGTTCTCACTACAGTTACTGAGCACACAGACCTCACCATGGGATGGAGCTGTATCATCCTCTTCTTGGTAGCAACAGCTACAGGTGTCCACTCCCAGGTCCAACTGCAGCAACCTGGGTCTGAGCTGGTGAGGCCTGGAGCTTCAGTTAGGCTGTCCTGCAAGGCTTCTGGCTACACATTCACCAGCTACTGGATACACTGGGTGAAGCAGAGGCATGGACAAGGCCTTGAGTGGATTGGAGATATTTATCCTGGTAGTGGTGACACTTACTACGATGAGAAGTTCAAGAGCAAGGGCACACTGACTGTAGACACATCCTCCAGCACAGTCTACATGCACCTCAGCAGCCTGACATCTGAGGACTCTGCGGTCTATTACTGTACAAGAGAGGATTACTACGGTCGTAGACCCTTTGACTACTGGGGCCAAGGCACCACTCTCACAGTCTCCTCAG	P80_A1, P80_B1, P80_D1, P80_E1, P80_F1, P80_G1, P80_H1, P80_A2, P80_C2, P80_D2, P80_E2, P80_F2, P80_G2, P80_A3, P80_C3, P80_D3, P80_F3, P80_G3, P80_A4, P80_C4, P80_D4, P80_E4, P80_F4, P80_A5, P80_B5, P80_C5, P80_D5, P80_F5, P80_G5, P80_H5, P80_A6, P80_B6, P80_C6, P80_D6, P80_E6, P80_F6, P80_G6, P80_H6, P80_A7, P80_B7, P80_D7, P80_E7, P80_F7, P80_G7, P80_H7, P80_A8, P80_B8, P80_C8, P80_D8, P80_E8, P80_H8, P80_A9, P80_B9, P80_C9, P80_E9, P80_F9, P80_G9, P80_H9, P80_A10, P80_B10, P80_C10, P80_F10, P80_H10, P80_B11, P80_C11, P80_D11, P80_E11, P80_F11, P80_A12, P80_C12, P80_D12, P80_E12, P80_F12
P80_F10	TRIMMER0091_P80	78-SMARTindex	NA	HC	78-SMARTindex.HC1	50	84.7	59	Illumina	AACACATGCCCAATGTCCTCTCCACAGACACTGAACACACTGACTCCAACCATGGGATGGAGCTGGATCTTTCTCTTTCTCTTGTCAGGAACTGGAGGTGTCCTCTCTGAGGTCCAGCTGCAACAGTCTGGACCTGAGCTGGTGAAGCCTGGGGCTTCAGTGAAGATGTCCTGCAAGGCTTCTGGATACACCTTCACTGACTCCTACATGAAGTGGGTGAAGCAGAGCCATGGAAAGAGCCTTGAGTGGATTGGAGATATTAATCCTAACAATGGTGATACTTTCTACAACCAGAAGTTCAAGGGCAAGGCCACATTGACTGTAGACAAATCCTCCAGCACAGCCTACATGCAGCTCAATAGCCTGACATCTGAGGACTCTGCAGTCTATTACTGTGTAAGAGATGATTACGACCCTTTTTTTGACTACTGGGGCCAAGGCACCACTCTCACAGTCTCCTCAG	P80_A1, P80_B1, P80_D1, P80_E1, P80_F1, P80_G1, P80_H1, P80_A2, P80_C2, P80_D2, P80_E2, P80_F2, P80_G2, P80_A3, P80_C3, P80_D3, P80_F3, P80_G3, P80_A4, P80_C4, P80_D4, P80_E4, P80_F4, P80_A5, P80_B5, P80_C5, P80_D5, P80_F5, P80_G5, P80_H5, P80_A6, P80_B6, P80_C6, P80_D6, P80_E6, P80_F6, P80_G6, P80_H6, P80_A7, P80_B7, P80_D7, P80_E7, P80_F7, P80_G7, P80_H7, P80_A8, P80_B8, P80_C8, P80_D8, P80_E8, P80_H8, P80_A9, P80_B9, P80_C9, P80_E9, P80_F9, P80_G9, P80_H9, P80_A10, P80_B10, P80_C10, P80_D10, P80_H10, P80_B11, P80_C11, P80_D11, P80_E11, P80_F11, P80_A12, P80_C12, P80_D12, P80_E12, P80_F12
P80_H10	TRIMMER0091_P80	80-SMARTindex	NA	HC	80-SMARTindex.HC1	79	97.5	81	Illumina	AAACAACCTGTGATCAGTGTCCTCTCCACAGTCCCTGAACACACTGACTTTCACCATGGAATGGAGCGGGGTCTTTATCTTTCTCTTGTCAGTAACTGCAGGTGTCCACTCCCAGGTCCAGTTGCAGCAGTCTGGAACTGAGCTGGTAAGGCCTGGGACTTCAGTGAAGATATCCTGTAAGGCTTCTGGATACGACTTCAGTAACTACTGGCTAGGTTGGGTAAAACAGAGGCCTGGACATGGACTTGAGTGGATTGGAGATATTTACCCTGGGAGTGATAATACTTACTTCAATGAGAAGTTCAAGGGCAAAGCCACACTGACTGCAGACAAATCCTCGAGTATAGCCTATATGCAGCTCAGTAGCCTGACATCTGAGGACTCAGCTGTCTACTTCTGTGCACGAGAGCCCTTTTCTTACTGGGGCCAAGGGACTCTGGTCACTGTCTCTGCAG	P80_A1, P80_B1, P80_D1, P80_E1, P80_F1, P80_G1, P80_H1, P80_A2, P80_C2, P80_D2, P80_E2, P80_F2, P80_G2, P80_A3, P80_C3, P80_D3, P80_F3, P80_G3, P80_A4, P80_C4, P80_D4, P80_E4, P80_F4, P80_A5, P80_B5, P80_C5, P80_D5, P80_F5, P80_G5, P80_H5, P80_A6, P80_B6, P80_C6, P80_D6, P80_E6, P80_F6, P80_G6, P80_H6, P80_A7, P80_B7, P80_D7, P80_E7, P80_F7, P80_G7, P80_H7, P80_A8, P80_B8, P80_C8, P80_D8, P80_E8, P80_H8, P80_A9, P80_B9, P80_C9, P80_E9, P80_F9, P80_G9, P80_H9, P80_A10, P80_B10, P80_C10, P80_D10, P80_F10, P80_B11, P80_C11, P80_D11, P80_E11, P80_F11, P80_A12, P80_C12, P80_D12, P80_E12, P80_F12
P80_B11	TRIMMER0091_P80	82-SMARTindex	NA	HC	82-SMARTindex.HC1	75	97.4	77	Illumina	ATATGAGCCCTATCTTCTCTACAGACACTGAATCTCAAGGTCCTTACAATGAAATGCAGCTGGGTTATCTTCTTCCTGATGGCAGTGGTTACAGGGGTCAATTCAGAGGTTCAGCTGCAGCAGTCTGGGGCAGAGTTTGTGAAGCCAGGGGCCTCAGTCAAGTTGTCCTGCACAGCTTCTGCCTTCAACATTAAAGACACCTATATAAACTGGGTGAAGCAGAGGCCTGAACAGGGCCTGGAGTGGGTTGGAGGGATTTATCCTGCGAATGGTAATACTAAATATGATCCGCAGTTCCAGGGCAAGGCCACTATAACAGCAGACGCATCCTCCAACACAGCCTACCTGCAACTCAGCAGCCTGACATCTGAGGACACTGCCGTCTATTACTGTACCTCTTTTGACTTCTGGGGCCAAGGCACCTCTCTCACAGTCTCCTCAG	P80_A1, P80_B1, P80_D1, P80_E1, P80_F1, P80_G1, P80_H1, P80_A2, P80_C2, P80_D2, P80_E2, P80_F2, P80_G2, P80_A3, P80_C3, P80_D3, P80_F3, P80_G3, P80_A4, P80_C4, P80_D4, P80_E4, P80_F4, P80_A5, P80_B5, P80_C5, P80_D5, P80_F5, P80_G5, P80_H5, P80_A6, P80_B6, P80_C6, P80_D6, P80_E6, P80_F6, P80_G6, P80_H6, P80_A7, P80_B7, P80_D7, P80_E7, P80_F7, P80_G7, P80_H7, P80_A8, P80_B8, P80_C8, P80_D8, P80_E8, P80_H8, P80_A9, P80_B9, P80_C9, P80_E9, P80_F9, P80_G9, P80_H9, P80_A10, P80_B10, P80_C10, P80_D10, P80_F10, P80_H10, P80_C11, P80_D11, P80_E11, P80_F11, P80_A12, P80_C12, P80_D12, P80_E12, P80_F12
P80_C11	TRIMMER0091_P80	83-SMARTindex	NA	HC	83-SMARTindex.HC1	355	99.2	358	Illumina	AACCACAGCCCCTGAAGACACTGACTCTAACTATGGAATGGAGCTGGGTCTTTCTCTTCCTCCTGTCAGTAACTACAGGTGTCCACTCTGAGGTCCAGCTGCAGCAGTCTGGACCTGACCTGGTGAAGCCTGGGGCCTCAGTGAAGATATCCTGCAAGGCTTCTGGTTACTCATTCACTGGCTACTACATGCACTGGGTGAAGCAGAGCCATGGAAAGAGCCTTGAGTGGATTGGACGTTTTAATCCTCACAATGGTGGTAGTAACTACAACCAGAAGTTCAAGGGCAAGGCCATATTAACTGTAGACAAGTCATCCAGCACAGCCTACATGGAGCTCCGCAGCCTGACATCTGAGGACTCTGCGGTCTATTACTGTGCAAGAATGGACTATGATGGTTACTACGCTTACTGGGGCCAAGGGACTCTGGTCACTGTCTCTGCAG	P80_A1, P80_B1, P80_D1, P80_E1, P80_F1, P80_G1, P80_H1, P80_A2, P80_C2, P80_D2, P80_E2, P80_F2, P80_G2, P80_A3, P80_C3, P80_D3, P80_F3, P80_G3, P80_A4, P80_C4, P80_D4, P80_E4, P80_F4, P80_A5, P80_B5, P80_C5, P80_D5, P80_F5, P80_G5, P80_H5, P80_A6, P80_B6, P80_C6, P80_D6, P80_E6, P80_F6, P80_G6, P80_H6, P80_A7, P80_B7, P80_D7, P80_E7, P80_F7, P80_G7, P80_H7, P80_A8, P80_B8, P80_C8, P80_D8, P80_E8, P80_H8, P80_A9, P80_B9, P80_C9, P80_E9, P80_F9, P80_G9, P80_H9, P80_A10, P80_B10, P80_C10, P80_D10, P80_F10, P80_H10, P80_B11, P80_D11, P80_E11, P80_F11, P80_A12, P80_C12, P80_D12, P80_E12, P80_F12
P80_D11	TRIMMER0091_P80	84-SMARTindex	NA	HC	84-SMARTindex.HC1	61	98.4	62	Illumina	ATCCTCTTCTCATAGAGCCTCCATCAGACCATGACTGTCCTGGCACTGCTCCTCTGCCTGGTGACATTCCCAAGCTGTGTCCTGTCCCAGGTGCACCTGAAGGAGTCAGGACCTGGCCTGGTGGCGCCCTCACAGAGCCTGTCCATCACATGCACTGTCTCAGGGTTCTCATTAACCAGATATGTTGTTAGCTGGGTTCGCCAGCCTCCAGGAAAGGGTCTGGAGTGGCTGGGACAAATATGGGGTGACGGGAGCACAAATTATCATTCAGCTCTCATATCCAGACTGAGCATCAGCAAGGATAACTCCAAGAGCCAAGTTTTCTTAAAACTGAACAGTCTGCAAACTGATGACACAGCCACGTACTACTGTACCACGGGGGCGAATTTCTACTGGGGTCAAGGAACCTCAGTCACCGTCTCCTCAG	P80_A1, P80_B1, P80_D1, P80_E1, P80_F1, P80_G1, P80_H1, P80_A2, P80_C2, P80_D2, P80_E2, P80_F2, P80_G2, P80_A3, P80_C3, P80_D3, P80_F3, P80_G3, P80_A4, P80_C4, P80_D4, P80_E4, P80_F4, P80_A5, P80_B5, P80_C5, P80_D5, P80_F5, P80_G5, P80_H5, P80_A6, P80_B6, P80_C6, P80_D6, P80_E6, P80_F6, P80_G6, P80_H6, P80_A7, P80_B7, P80_D7, P80_E7, P80_F7, P80_G7, P80_H7, P80_A8, P80_B8, P80_C8, P80_D8, P80_E8, P80_H8, P80_A9, P80_B9, P80_C9, P80_E9, P80_F9, P80_G9, P80_H9, P80_A10, P80_B10, P80_C10, P80_D10, P80_F10, P80_H10, P80_B11, P80_C11, P80_E11, P80_F11, P80_A12, P80_C12, P80_D12, P80_E12, P80_F12
P80_E11	TRIMMER0091_P80	85-SMARTindex	NA	HC	85-SMARTindex.HC1	145	99.3	146	Illumina	ACAAGTGTGCAGCCATGGGCAGGCTTACTTCTTCATTCCTGCTACTGATTGTCCCTGCATATGTCCTGTCCCAGGTTACTCTGAAAGAGTCTGGCCCTGGGATATTGCAGCCCTCCCAGACCCTCAGTCTGACTTGTTCTTTCTCTGGGTTTTCACTGAGCACTTCTGGTATGACTGTAGGCTGGATTCGTCAGCCATCAGGGCAGGGTCTGGAGTGGCTGGCACACATTTGGTGGGATGATGTCAAGCGCTATAACCCAGCCCTGAAGAACCGACTGACTATCTCCAAGGATACATCCGGCAGCCAGGTATTCCTCAAGATCGCCAGTGTGGACACTGCAGATACTGCCACATATTACTGTGCTCGAATGGAGGGTGGTTACCCCTATTACTTTGCTATGGACTACTGGGGTCAAGGAACCTCAGTCACCGTCTCCTCAG	P80_A1, P80_B1, P80_D1, P80_E1, P80_F1, P80_G1, P80_H1, P80_A2, P80_C2, P80_D2, P80_E2, P80_F2, P80_G2, P80_A3, P80_C3, P80_D3, P80_F3, P80_G3, P80_A4, P80_C4, P80_D4, P80_E4, P80_F4, P80_A5, P80_B5, P80_C5, P80_D5, P80_F5, P80_G5, P80_H5, P80_A6, P80_B6, P80_C6, P80_D6, P80_E6, P80_F6, P80_G6, P80_H6, P80_A7, P80_B7, P80_D7, P80_E7, P80_F7, P80_G7, P80_H7, P80_A8, P80_B8, P80_C8, P80_D8, P80_E8, P80_H8, P80_A9, P80_B9, P80_C9, P80_E9, P80_F9, P80_G9, P80_H9, P80_A10, P80_B10, P80_C10, P80_D10, P80_F10, P80_H10, P80_B11, P80_C11, P80_D11, P80_F11, P80_A12, P80_C12, P80_D12, P80_E12, P80_F12
P80_F11	TRIMMER0091_P80	86-SMARTindex	NA	HC	86-SMARTindex.HC1	17	68	25	Illumina	AGAGGCACCAAACTGTGGACTCACAAGTCTTTCCCTTCAGTGACCAACAGGGACACAGAACATTCACCATGGACTTGAGACTGAGCTGCGCCTTTATTATTGTTCTTTTAAAAGGGGTCCAGAGTGAAGTGAAGCTTGAGGAGTCTGGAGGAGGCTTGGTGCAACCTGGAGGATCCATGAAATTGTCCTGTGTAGCCTCTGGATTAACTTTCAGTAACTACTGGATGTCTTGGGTCCGCCAGTCTCCAGAGAAGGGGCTTGAGTGGCTTGCTGAAATTAGATTGAAATCTGATAATTATGCAACACATTATGCGGAGTCTGTGAAAGGGAAGTTCACCATCTCAAGAGATGATTCCAAAAGTCGTCTCTACCTGCAAATGAACACCTTAAGAACTGAAGACACTGGAATTTATTACTGTTCAGCCCTAAGTTCCTACTTTGACTTCTGGGGCCAAGGCACCACTCTCACAGTCTCCTCAG	P80_A1, P80_B1, P80_D1, P80_E1, P80_F1, P80_G1, P80_H1, P80_A2, P80_C2, P80_D2, P80_E2, P80_F2, P80_G2, P80_A3, P80_C3, P80_D3, P80_F3, P80_G3, P80_A4, P80_C4, P80_D4, P80_E4, P80_F4, P80_A5, P80_B5, P80_C5, P80_D5, P80_F5, P80_G5, P80_H5, P80_A6, P80_B6, P80_C6, P80_D6, P80_E6, P80_F6, P80_G6, P80_H6, P80_A7, P80_B7, P80_D7, P80_E7, P80_F7, P80_G7, P80_H7, P80_A8, P80_B8, P80_C8, P80_D8, P80_E8, P80_H8, P80_A9, P80_B9, P80_C9, P80_E9, P80_F9, P80_G9, P80_H9, P80_A10, P80_B10, P80_C10, P80_D10, P80_F10, P80_H10, P80_B11, P80_C11, P80_D11, P80_E11, P80_A12, P80_C12, P80_D12, P80_E12, P80_F12
P80_A12	TRIMMER0091_P80	89-SMARTindex	NA	HC	89-SMARTindex.HC1	141	97.2	145	Illumina	AACATATGTCCAATGTCCTCTCCACAGGCACTGAACACACTGACTCTAACCATGGGATGGAGCTGGATCTTTCTCTTCTTCCTGTCAGGAACTGCAGGTGTCCTCTCTGAGGTCCTGCTGCAACAGTCTGGACCTGAGGTGGTGAAGCCTGGGGCTTCAGTGAAGATACCCTGCAAGGCTTCTGGATACACATTCACTGACTACAACTTCGACTGGGTGAAGCAGAGCCATGGAAAGAGACTTGAGTGGATTGGAGATATTAATCCTAATTATGGTGGTACTATCTACAACCAGAAGTTCAAGGGCAAGGCCACATTGACTGTAGACAAGTCCTCCAGCACAGCCTACATGGAGCTCCGCAGCCTGACATCTGAGGACACTGCAGTCTATTACTGTGCAATATTACGACGAGGTGGTGCTATGGACTACTGGGGTCAAGGAACCTCAGTCACCGTCTCCTCAG	P80_A1, P80_B1, P80_D1, P80_E1, P80_F1, P80_G1, P80_H1, P80_A2, P80_C2, P80_D2, P80_E2, P80_F2, P80_G2, P80_A3, P80_C3, P80_D3, P80_F3, P80_G3, P80_A4, P80_C4, P80_D4, P80_E4, P80_F4, P80_A5, P80_B5, P80_C5, P80_D5, P80_F5, P80_G5, P80_H5, P80_A6, P80_B6, P80_C6, P80_D6, P80_E6, P80_F6, P80_G6, P80_H6, P80_A7, P80_B7, P80_D7, P80_E7, P80_F7, P80_G7, P80_H7, P80_A8, P80_B8, P80_C8, P80_D8, P80_E8, P80_H8, P80_A9, P80_B9, P80_C9, P80_E9, P80_F9, P80_G9, P80_H9, P80_A10, P80_B10, P80_C10, P80_D10, P80_F10, P80_H10, P80_B11, P80_C11, P80_D11, P80_E11, P80_F11, P80_C12, P80_D12, P80_E12, P80_F12
P80_C12	TRIMMER0091_P80	91-SMARTindex	NA	HC	91-SMARTindex.HC1	88	96.7	91	Illumina	AACCACAGCCCCTGAAGACACTGACTCTAACTATGGAATGGAGCTGGGTCTTTCTCTTCCTCCTGTCAGTAACTACAGGTGTCCACTCTGAGGTCCAGCTGCAGCAGTCTGGACCTGACCTGGTGAAGCCTGGGGCCTCAGTGAAGATATCCTGCAAGGCTTCTGGTTACTCATTCACTGGCTACTACATGCACTGGGTGAAGCAGAGCCATGGAAAGAGCCTTGAGTGGATTGGACGTTTTAATCCTCACAATGGTGGTAGTAACTACAACCAGAAGTTCAAGGGCAAGGCCATATTAACTGTAGACAAGTCATCCAGCACAGCCTACATGGAGCTCCGCAGCCTGACATCTGAGGACTCTGCGGTCTATTACTGTGCAAGAATGGACTATGATGGTTACTACGCTTACTGGGGCCAAGGGACTCTGGTCACTGTCTCTGCAG	P80_A1, P80_B1, P80_D1, P80_E1, P80_F1, P80_G1, P80_H1, P80_A2, P80_C2, P80_D2, P80_E2, P80_F2, P80_G2, P80_A3, P80_C3, P80_D3, P80_F3, P80_G3, P80_A4, P80_C4, P80_D4, P80_E4, P80_F4, P80_A5, P80_B5, P80_C5, P80_D5, P80_F5, P80_G5, P80_H5, P80_A6, P80_B6, P80_C6, P80_D6, P80_E6, P80_F6, P80_G6, P80_H6, P80_A7, P80_B7, P80_D7, P80_E7, P80_F7, P80_G7, P80_H7, P80_A8, P80_B8, P80_C8, P80_D8, P80_E8, P80_H8, P80_A9, P80_B9, P80_C9, P80_E9, P80_F9, P80_G9, P80_H9, P80_A10, P80_B10, P80_C10, P80_D10, P80_F10, P80_H10, P80_B11, P80_C11, P80_D11, P80_E11, P80_F11, P80_A12, P80_D12, P80_E12, P80_F12
P80_D12	TRIMMER0091_P80	92-SMARTindex	NA	HC	92-SMARTindex.HC1	348	98.3	354	Illumina	GGTCTCTCTGCAGTTACTAGGCACACAGGACCTCACCATGAGATGGAGCTGTATCATCCTCTTCTTGGTAGCTACAGTTACAGGTGTCACCTCCCAGGTCCAATTACAGCAGCCCGGGGCTGAGCTTGTACTGCCTGGGGCTTCAGTGCGGATGTCCTGCAAGGCTTCTGGCTACACATTCACTGACTACTGGATGCACTGGGTGAAACAGAGGCCTGGACAAGGCCTTGAATGGATCGGAGCGATTGATACTTCTGATAGTTATGCAGACTATAGTCAGAAGTTCAAGGTCAGGGCCACATTGACTGTGGACGCATCCTCCAGCACAGCCTACATGCAACTCAGCAGCCTGACATCTGAGGACTCTGCGGTCTATTACTGTGCAACCTACTATGGTAAAAACGGGGCTATGGACTTCTGGGGTCAAGGAACCTCAGTCACCGTCTCCTCAG	P80_A1, P80_B1, P80_D1, P80_E1, P80_F1, P80_G1, P80_H1, P80_A2, P80_C2, P80_D2, P80_E2, P80_F2, P80_G2, P80_A3, P80_C3, P80_D3, P80_F3, P80_G3, P80_A4, P80_C4, P80_D4, P80_E4, P80_F4, P80_A5, P80_B5, P80_C5, P80_D5, P80_F5, P80_G5, P80_H5, P80_A6, P80_B6, P80_C6, P80_D6, P80_E6, P80_F6, P80_G6, P80_H6, P80_A7, P80_B7, P80_D7, P80_E7, P80_F7, P80_G7, P80_H7, P80_A8, P80_B8, P80_C8, P80_D8, P80_E8, P80_H8, P80_A9, P80_B9, P80_C9, P80_E9, P80_F9, P80_G9, P80_H9, P80_A10, P80_B10, P80_C10, P80_D10, P80_F10, P80_H10, P80_B11, P80_C11, P80_D11, P80_E11, P80_F11, P80_A12, P80_C12, P80_E12, P80_F12
P80_E12	TRIMMER0091_P80	93-SMARTindex	NA	HC	93-SMARTindex.HC1	79	72.5	109	Illumina	GACATATGACCAATATCCTCTCCACATTCCCTTAAGACACTGACTCTAAACATGGGATGGATCTGGATCTTTCTCTTCCTCCTGTCAGGAACTGCAGGTGTCCACTCTGAGGTCCAGCTGCAGCAGTCTGGACCTGAGCTAGTGAAGACTGGGGCTTCAGTGAAGATATCCTGCAAGGCTTCTGGTTACTCATTCACTGGTTACTACATGCACTGGGTCAAGCAGAGCCATGGAAAGAGCCTTGAGTGGATTGGATATATTAGTTGTTACAATAGTGCCACTAGTTACAACCAGAAGTTCAAGGGCAAGGCCACATTTACTGTAGACACATCCTCCAGCACAGCCTACATGCAGTTCAACAGCCTGACATCTGAAGACTCTGCGGTCTATTACTGTGCAAGAGGGGGTAACTTTGACTACTGGGGCCAAGGCACCACTCTCACAGTCTCCTCAG	P80_A1, P80_B1, P80_D1, P80_E1, P80_F1, P80_G1, P80_H1, P80_A2, P80_C2, P80_D2, P80_E2, P80_F2, P80_G2, P80_A3, P80_C3, P80_D3, P80_F3, P80_G3, P80_A4, P80_C4, P80_D4, P80_E4, P80_F4, P80_A5, P80_B5, P80_C5, P80_D5, P80_F5, P80_G5, P80_H5, P80_A6, P80_B6, P80_C6, P80_D6, P80_E6, P80_F6, P80_G6, P80_H6, P80_A7, P80_B7, P80_D7, P80_E7, P80_F7, P80_G7, P80_H7, P80_A8, P80_B8, P80_C8, P80_D8, P80_E8, P80_H8, P80_A9, P80_B9, P80_C9, P80_E9, P80_F9, P80_G9, P80_H9, P80_A10, P80_B10, P80_C10, P80_D10, P80_F10, P80_H10, P80_B11, P80_C11, P80_D11, P80_E11, P80_F11, P80_A12, P80_C12, P80_D12, P80_F12
P80_E12	TRIMMER0091_P80	93-SMARTindex	NA	HC	93-SMARTindex.HC1	19	17.4	109	Illumina	ATATGAGCCCTATCTTCTCTACAGACACTGAATCTCAAGGTCCTTACAATGAAATGCAGCTGGGTTATCTTCTTCCTGATGGCAGTGGTTACAGGGGTCAATTCAGAGGTTCAGCTGCAGCAGTCTGGGGCAGAGCTTGTGAAGCCAGGGGCCTCAGTCAAGTTGTCCTGCACAGCTTCTGGCTTCAACATTAAAGACACCTATATGCACTGGATGAAACAGAGGCCTGAACAGGGCCTGGAGTGGATTGGAAGGATTGATCCTGCGAATGGTAATACTAAATATGACCCGAAGTTCCAGGGCAAGGCCACTATAACAGCAGACACATCCTCCAACACAGCCTACCTGCAGCTCAGCAGCCTGACATCTGAGGACACTGCCGTCTATTACTGTGCTAGATGGTTAGACTACTGGGGCCAAGGCACCACTCTCACAGTCTCCTCAG	P80_A1, P80_B1, P80_D1, P80_E1, P80_F1, P80_G1, P80_H1, P80_A2, P80_C2, P80_D2, P80_E2, P80_F2, P80_G2, P80_A3, P80_C3, P80_D3, P80_F3, P80_G3, P80_A4, P80_C4, P80_D4, P80_E4, P80_F4, P80_A5, P80_B5, P80_C5, P80_D5, P80_F5, P80_G5, P80_H5, P80_A6, P80_B6, P80_C6, P80_D6, P80_E6, P80_F6, P80_G6, P80_H6, P80_A7, P80_B7, P80_D7, P80_E7, P80_F7, P80_G7, P80_H7, P80_A8, P80_B8, P80_C8, P80_D8, P80_E8, P80_H8, P80_A9, P80_B9, P80_C9, P80_E9, P80_F9, P80_G9, P80_H9, P80_A10, P80_B10, P80_C10, P80_D10, P80_F10, P80_H10, P80_B11, P80_C11, P80_D11, P80_E11, P80_F11, P80_A12, P80_C12, P80_D12, P80_F12
P80_F12	TRIMMER0091_P80	94-SMARTindex	NA	HC	94-SMARTindex.HC1	131	97.8	134	Illumina	AACACATGCCCAATGTCCTCTCCACAGACACTGAACACACTGACTCCAACCATGGGATGGAGCTGGATCTTTCTCTTTCTCTTGTCAGGAACTGGAGGTGTCCTCTCTGAGGTCCAGCTGCAACAGTCTGGACCTGAGCTGGTGAAGCCTGGGGCTTCAGTGAAGATGTCCTGCAAGGCTTCTGGATACACCTTCACTGACTCCTACATGAAGTGGGTGAAGCAGAGCCATGGAAAGAGCCTTGAGTGGATTGGAGATATTAATCCTAACAATGGTGATACTTTCTACAACCAGAAGTTCAAGGGCAAGGCCACATTGACTGTAGACAAATCCTCCAGCACAGCCTACATGCAGCTCAATAGCCTGACATCTGAGGACTCTGCAGTCTATTACTGTGTAAGAGATGATTACGACCCTTTTTTTGACTACTGGGGCCAAGGCACCACTCTCACAGTCTCCTCAG	P80_A1, P80_B1, P80_D1, P80_E1, P80_F1, P80_G1, P80_H1, P80_A2, P80_C2, P80_D2, P80_E2, P80_F2, P80_G2, P80_A3, P80_C3, P80_D3, P80_F3, P80_G3, P80_A4, P80_C4, P80_D4, P80_E4, P80_F4, P80_A5, P80_B5, P80_C5, P80_D5, P80_F5, P80_G5, P80_H5, P80_A6, P80_B6, P80_C6, P80_D6, P80_E6, P80_F6, P80_G6, P80_H6, P80_A7, P80_B7, P80_D7, P80_E7, P80_F7, P80_G7, P80_H7, P80_A8, P80_B8, P80_C8, P80_D8, P80_E8, P80_H8, P80_A9, P80_B9, P80_C9, P80_E9, P80_F9, P80_G9, P80_H9, P80_A10, P80_B10, P80_C10, P80_D10, P80_F10, P80_H10, P80_B11, P80_C11, P80_D11, P80_E11, P80_F11, P80_A12, P80_C12, P80_D12, P80_E12
